,category-href,company,rating,sd_rating
0,https://thegoodshoppingguide.com/subject/crisps/,Pringles,25,25
1,https://thegoodshoppingguide.com/subject/soap/,Odylique,92,92
2,https://thegoodshoppingguide.com/subject/washing-machines/,Miele,86,86
3,https://thegoodshoppingguide.com/subject/ethical-mortgages/,Virgin Money,72,72
4,https://thegoodshoppingguide.com/subject/dishwashers/,Zanussi,95,95
5,https://thegoodshoppingguide.com/subject/chocolate/,Bounty,42,42
6,https://thegoodshoppingguide.com/subject/coffee-shops/,Esquires,65,65
7,https://thegoodshoppingguide.com/subject/beer-lager-and-cider/,Old Speckled Hen,62,62
8,https://thegoodshoppingguide.com/subject/ethical-insurance/,AVIVA,72,72
9,https://thegoodshoppingguide.com/subject/sun-protection/,Malibu,65,65
10,https://thegoodshoppingguide.com/subject/margarine/,Castle Dairies,62,62
11,https://thegoodshoppingguide.com/subject/ethical-insurance/,Allianz,44,44
12,https://thegoodshoppingguide.com/subject/vegetarian-foods/,Cauldron Foods,71,71
13,https://thegoodshoppingguide.com/subject/crisps/,Jonathan Crisp,79,79
14,https://thegoodshoppingguide.com/subject/skincare/,L'Occitane,73,73
15,https://thegoodshoppingguide.com/subject/pain-remedies/,Aspirin,35,35
16,https://thegoodshoppingguide.com/subject/soft-drinks/,PJ Smoothie,57,57
17,https://thegoodshoppingguide.com/subject/washing-up-liquid/,Surcare,64,64
18,https://thegoodshoppingguide.com/subject/bananas/,Bonita,67,67
19,https://thegoodshoppingguide.com/subject/tea/,Typhoo,83,83
20,https://thegoodshoppingguide.com/subject/ethical-cold-remedies/,Nurofen Cold & Flu,46,46
21,https://thegoodshoppingguide.com/subject/cat-dog-food/,Wagg,63,63
22,https://thegoodshoppingguide.com/subject/coffee/,The Co-operative,83,83
23,https://thegoodshoppingguide.com/subject/yoghurt/,Ski,46,46
24,https://thegoodshoppingguide.com/subject/biscuits/,Hill,62,62
25,https://thegoodshoppingguide.com/subject/ethical-cleaners/,Xtra,91,91
26,https://thegoodshoppingguide.com/subject/supermarkets/,Asda,54,54
27,https://thegoodshoppingguide.com/subject/ethical-mortgages/,TSB Bank,66,66
28,https://thegoodshoppingguide.com/subject/tinned-tuna/,Fish4ever,95,95
29,https://thegoodshoppingguide.com/subject/soup/,Campbells,46,46
30,https://thegoodshoppingguide.com/subject/dishwashers/,Electrolux,95,95
31,https://thegoodshoppingguide.com/subject/laundry-detergents/,Bio D,95,95
32,https://thegoodshoppingguide.com/subject/soap/,Living Naturally,100,100
33,https://thegoodshoppingguide.com/subject/tea/,Clipper,87,87
34,https://thegoodshoppingguide.com/subject/shoes-trainers/,Puma,65,65
35,https://thegoodshoppingguide.com/subject/paint/,Craig & Rose,67,67
36,https://thegoodshoppingguide.com/subject/kitchen-appliances/,Breville,77,77
37,https://thegoodshoppingguide.com/subject/ethical-insurance/,AA,61,61
38,https://thegoodshoppingguide.com/subject/ethical-feminine-care/,Always,42,42
39,https://thegoodshoppingguide.com/subject/ethical-dog-food/,Pedigree,32,32
40,https://thegoodshoppingguide.com/subject/washing-up-liquid/,Ecozone,95,95
41,https://thegoodshoppingguide.com/subject/pasta-pulse-and-rices/,Infinity Foods,87,87
42,https://thegoodshoppingguide.com/subject/skincare/,No 7,50,50
43,https://thegoodshoppingguide.com/subject/ethical-insurance/,Ansvar,72,72
44,https://thegoodshoppingguide.com/subject/ethical-mortgages/,Newcastle Building Society,72,72
45,https://thegoodshoppingguide.com/subject/mobile-networks/,Sky Mobile,75,75
46,https://thegoodshoppingguide.com/subject/bread/,Granary,71,71
47,https://thegoodshoppingguide.com/subject/ethical-fashion-retailers/,School Uniform Shop,79,79
48,https://thegoodshoppingguide.com/subject/skincare/,Tropic Skincare,92,92
49,https://thegoodshoppingguide.com/subject/tea/,Cafédirect Tea,96,96
50,https://thegoodshoppingguide.com/subject/ethical-insurance/,LV= (Liverpool Victoria),77,77
51,https://thegoodshoppingguide.com/subject/ethical-fashion-retailers/,Mango,57,57
52,https://thegoodshoppingguide.com/subject/paint/,Johnstone's,33,33
53,https://thegoodshoppingguide.com/subject/ethical-fashion-retailers/,Seasalt,78,78
54,https://thegoodshoppingguide.com/subject/shoes-trainers/,Clarks,65,65
55,https://thegoodshoppingguide.com/subject/cat-dog-food/,Applaws,77,77
56,https://thegoodshoppingguide.com/subject/pain-remedies/,Panadol,27,27
57,https://thegoodshoppingguide.com/subject/dishwashers/,Candy,91,91
58,https://thegoodshoppingguide.com/subject/laundry-detergents/,Ecozone,95,95
59,https://thegoodshoppingguide.com/subject/ethical-dog-food/,Goood (UK),91,91
60,https://thegoodshoppingguide.com/subject/cat-dog-food/,Thrive,82,82
61,https://thegoodshoppingguide.com/subject/ethical-insurance/,Express Insurance Services,72,72
62,https://thegoodshoppingguide.com/subject/beer-lager-and-cider/,Marston's,67,67
63,https://thegoodshoppingguide.com/subject/ethical-banks-building-societies%e2%80%8d%e2%80%8d%e2%80%8d/,Newcastle Building Society,72,72
64,https://thegoodshoppingguide.com/subject/kettles/,Swan,86,86
65,https://thegoodshoppingguide.com/subject/pcs-laptops-and-tablets/,Archos,71,71
66,https://thegoodshoppingguide.com/subject/coffee-shops/,Greggs,77,77
67,https://thegoodshoppingguide.com/subject/washing-machines/,GE,59,59
68,https://thegoodshoppingguide.com/subject/fridges-freezers/,Zanussi,95,95
69,https://thegoodshoppingguide.com/subject/vaccum-cleaners/,Vax,77,77
70,https://thegoodshoppingguide.com/subject/ethical-cleaners/,Ecover,36,36
71,https://thegoodshoppingguide.com/subject/washing-machines/,De Dietrich,82,82
72,https://thegoodshoppingguide.com/subject/ethical-insurance/,Diamond,66,66
73,https://thegoodshoppingguide.com/subject/kettles/,Haden,77,77
74,https://thegoodshoppingguide.com/subject/coffee/,Percol,87,87
75,https://thegoodshoppingguide.com/subject/ice-cream/,Rocombe Farm,79,79
76,https://thegoodshoppingguide.com/subject/ethical-cleaners/,Method,36,36
77,https://thegoodshoppingguide.com/subject/ethical-furniture%e2%80%8d%e2%80%8d%e2%80%8d/,WorldStores,77,77
78,https://thegoodshoppingguide.com/subject/mobile-networks/,Virgin,85,85
79,https://thegoodshoppingguide.com/subject/skincare/,Avon,46,46
80,https://thegoodshoppingguide.com/subject/mobile-networks/,BT Mobile,50,50
81,https://thegoodshoppingguide.com/subject/ethical-vitamins/,Solgar,54,54
82,https://thegoodshoppingguide.com/subject/bananas/,Tesco,50,50
83,https://thegoodshoppingguide.com/subject/ethical-mortgages/,Yorkshire Bank,50,50
84,https://thegoodshoppingguide.com/subject/fridges-freezers/,Maytag,68,68
85,https://thegoodshoppingguide.com/subject/shampoo-conditioner/,Vosene,46,46
86,https://thegoodshoppingguide.com/subject/shampoo-conditioner/,John Frieda,58,58
87,https://thegoodshoppingguide.com/subject/make-up/,BareMinerals,50,50
88,https://thegoodshoppingguide.com/subject/cooking-oil/,Filippo Berio,71,71
89,https://thegoodshoppingguide.com/subject/ethical-dog-food/,Naturaw,91,91
90,https://thegoodshoppingguide.com/subject/shoes-trainers/,Birkenstock,69,69
91,https://thegoodshoppingguide.com/subject/cooking-oil/,Mazola,29,29
92,https://thegoodshoppingguide.com/subject/all-in-ones/,Panasonic,55,55
93,https://thegoodshoppingguide.com/subject/ethical-feminine-care/,YES,96,96
94,https://thegoodshoppingguide.com/subject/bread/,Whole Earth,75,75
95,https://thegoodshoppingguide.com/subject/butter/,Country Life,58,58
96,https://thegoodshoppingguide.com/subject/cookers/,Beko,68,68
97,https://thegoodshoppingguide.com/subject/ethical-banks-building-societies%e2%80%8d%e2%80%8d%e2%80%8d/,Barclays,22,22
98,https://thegoodshoppingguide.com/subject/washing-up-liquid/,Fairy,36,36
99,https://thegoodshoppingguide.com/subject/ethical-feminine-care/,Kotex,46,46
100,https://thegoodshoppingguide.com/subject/boilers/,British Gas,68,68
101,https://thegoodshoppingguide.com/subject/mobile-phones/,Sony,46,46
102,https://thegoodshoppingguide.com/subject/ethical-cleaners/,Flash / Mr Clean,36,36
103,https://thegoodshoppingguide.com/subject/make-up/,Dior,46,46
104,https://thegoodshoppingguide.com/subject/televisions/,Beko,91,91
105,https://thegoodshoppingguide.com/subject/shoes-trainers/,New Balance,73,73
106,https://thegoodshoppingguide.com/subject/sun-protection/,Jason,58,58
107,https://thegoodshoppingguide.com/subject/vaccum-cleaners/,Dyson,68,68
108,https://thegoodshoppingguide.com/subject/ethical-vitamins/,Berocca,29,29
109,https://thegoodshoppingguide.com/subject/skincare/,PHB Ethical Beauty,92,92
110,https://thegoodshoppingguide.com/subject/bottled-water/,Brecon Carreg,90,90
111,https://thegoodshoppingguide.com/subject/kitchen-appliances/,Dualit,77,77
112,https://thegoodshoppingguide.com/subject/sun-protection/,Piz Buin,35,35
113,https://thegoodshoppingguide.com/subject/coffee/,Equal Exchange,92,92
114,https://thegoodshoppingguide.com/subject/soap/,incognito,92,92
115,https://thegoodshoppingguide.com/subject/chocolate/,Smarties,50,50
116,https://thegoodshoppingguide.com/subject/sugar/,Tesco,40,40
117,https://thegoodshoppingguide.com/subject/laundry-detergents/,Tide,36,36
118,https://thegoodshoppingguide.com/subject/ethical-cold-remedies/,Beecham's,27,27
119,https://thegoodshoppingguide.com/subject/ethical-fashion-retailers/,Fat Face,82,82
120,https://thegoodshoppingguide.com/subject/ethical-vitamins/,Centrum,29,29
121,https://thegoodshoppingguide.com/subject/ethical-toothpaste/,Oral B,31,31
122,https://thegoodshoppingguide.com/subject/coffee/,Waitrose,67,67
123,https://thegoodshoppingguide.com/subject/ethical-cold-remedies/,Vicks Vapour Rub,31,31
124,https://thegoodshoppingguide.com/subject/jam-and-spreads/,Whole Earth,75,75
125,https://thegoodshoppingguide.com/subject/shampoo-conditioner/,Original Source,62,62
126,https://thegoodshoppingguide.com/subject/coffee-shops/,Love Coffee,58,58
127,https://thegoodshoppingguide.com/subject/shoes-trainers/,Saucony,61,61
128,https://thegoodshoppingguide.com/subject/cookers/,Prima,86,86
129,https://thegoodshoppingguide.com/subject/ice-cream/,Ben & Jerry's,63,63
130,https://thegoodshoppingguide.com/subject/yoghurt/,Total,67,67
131,https://thegoodshoppingguide.com/subject/tea/,Marks & Spencer,79,79
132,https://thegoodshoppingguide.com/subject/chocolate/,Thornton's,65,65
133,https://thegoodshoppingguide.com/subject/ethical-furniture%e2%80%8d%e2%80%8d%e2%80%8d/,The White Company,82,82
134,https://thegoodshoppingguide.com/subject/electricity-suppliers/,Sparkling* by Green Energy,90,90
135,https://thegoodshoppingguide.com/subject/biscuits/,Bahlsen,62,62
136,https://thegoodshoppingguide.com/subject/make-up/,Max Factor,42,42
137,https://thegoodshoppingguide.com/subject/cookers/,LG,55,55
138,https://thegoodshoppingguide.com/subject/ethical-insurance/,Zurich,61,61
139,https://thegoodshoppingguide.com/subject/skincare/,Bloomtown,84,84
140,https://thegoodshoppingguide.com/subject/ethical-fashion-retailers/,Vayyu,86,86
141,https://thegoodshoppingguide.com/subject/coffee-shops/,Soho Coffee,85,85
142,https://thegoodshoppingguide.com/subject/tv-and-broadband/,SSE,75,75
143,https://thegoodshoppingguide.com/subject/ethical-fashion-retailers/,Joules,60,60
144,https://thegoodshoppingguide.com/subject/skincare/,Neal's Yard,100,100
145,https://thegoodshoppingguide.com/subject/skincare/,Odylique,92,92
146,https://thegoodshoppingguide.com/subject/ice-cream/,Wall's,63,63
147,https://thegoodshoppingguide.com/subject/ethical-dog-food/,Eukanuba,54,54
148,https://thegoodshoppingguide.com/subject/tea/,Equal Exchange,92,92
149,https://thegoodshoppingguide.com/subject/skincare/,Fushi Wellbeing,100,100
150,https://thegoodshoppingguide.com/subject/sun-protection/,Riemann P20,73,73
151,https://thegoodshoppingguide.com/subject/shoes-trainers/,Nike,42,42
152,https://thegoodshoppingguide.com/subject/mobile-phones/,Huawei,63,63
153,https://thegoodshoppingguide.com/subject/sun-protection/,Green People,100,100
154,https://thegoodshoppingguide.com/subject/cat-dog-food/,Goood (UK),91,91
155,https://thegoodshoppingguide.com/subject/cat-dog-food/,Feelwell's,82,82
156,https://thegoodshoppingguide.com/subject/chocolate/,Cadbury's,42,42
157,https://thegoodshoppingguide.com/subject/skincare/,Clarins,54,54
158,https://thegoodshoppingguide.com/subject/soft-drinks/,Purdey's,75,75
159,https://thegoodshoppingguide.com/subject/ethical-banks-building-societies%e2%80%8d%e2%80%8d%e2%80%8d/,Atom Bank,61,61
160,https://thegoodshoppingguide.com/subject/tea/,Waitrose,67,67
161,https://thegoodshoppingguide.com/subject/electricity-suppliers/,Greener Energy* by Ovo Energy,95,95
162,https://thegoodshoppingguide.com/subject/vegetarian-foods/,Beyond Meat,79,79
163,https://thegoodshoppingguide.com/subject/ethical-flower-delivery-companies/,Bloom & Wild,75,75
164,https://thegoodshoppingguide.com/subject/soft-drinks/,Robinsons,75,75
165,https://thegoodshoppingguide.com/subject/all-in-ones/,Sagemcom,59,59
166,https://thegoodshoppingguide.com/subject/shoes-trainers/,Office,73,73
167,https://thegoodshoppingguide.com/subject/printers/,Xerox,59,59
168,https://thegoodshoppingguide.com/subject/tea/,Sainsbury's,75,75
169,https://thegoodshoppingguide.com/subject/beer-lager-and-cider/,ESB,71,71
170,https://thegoodshoppingguide.com/subject/kitchen-appliances/,Morphy Richards,82,82
171,https://thegoodshoppingguide.com/subject/ethical-banks-building-societies%e2%80%8d%e2%80%8d%e2%80%8d/,AIB,72,72
172,https://thegoodshoppingguide.com/subject/ethical-cleaners/,Faith in Nature,95,95
173,https://thegoodshoppingguide.com/subject/kitchen-appliances/,Braun,91,91
174,https://thegoodshoppingguide.com/subject/ethical-fashion-retailers/,Evans,50,50
175,https://thegoodshoppingguide.com/subject/pcs-laptops-and-tablets/,Kindle Fire,50,50
176,https://thegoodshoppingguide.com/subject/skincare/,Herbfarmacy,100,100
177,https://thegoodshoppingguide.com/subject/ethical-vitamins/,Kira,71,71
178,https://thegoodshoppingguide.com/subject/jam-and-spreads/,Bonne Maman,62,62
179,https://thegoodshoppingguide.com/subject/vaccum-cleaners/,Miele,91,91
180,https://thegoodshoppingguide.com/subject/washing-machines/,Hotpoint,68,68
181,https://thegoodshoppingguide.com/subject/supermarkets/,Tesco,54,54
182,https://thegoodshoppingguide.com/subject/electricity-suppliers/,SSE,70,70
183,https://thegoodshoppingguide.com/subject/cat-dog-food/,Goood (Netherlands),91,91
184,https://thegoodshoppingguide.com/subject/shoes-trainers/,Hush Puppies,61,61
185,https://thegoodshoppingguide.com/subject/pain-remedies/,Codis,42,42
186,https://thegoodshoppingguide.com/subject/pcs-laptops-and-tablets/,Tiny Green PC,75,75
187,https://thegoodshoppingguide.com/subject/ethical-insurance/,Elephant,66,66
188,https://thegoodshoppingguide.com/subject/washing-machines/,Zanussi,95,95
189,https://thegoodshoppingguide.com/subject/shampoo-conditioner/,Aussie,42,42
190,https://thegoodshoppingguide.com/subject/printers/,Kyocera Mita,95,95
191,https://thegoodshoppingguide.com/subject/pasta-pulse-and-rices/,Seeds of Change,46,46
192,https://thegoodshoppingguide.com/subject/mobile-phones/,HTC,75,75
193,https://thegoodshoppingguide.com/subject/electricity-suppliers/,M&S Energy* from SSE,70,70
194,https://thegoodshoppingguide.com/subject/make-up/,Beauty Without Cruelty,88,88
195,https://thegoodshoppingguide.com/subject/coffee/,Maxwell House,38,38
196,https://thegoodshoppingguide.com/subject/ethical-insurance/,RAC,61,61
197,https://thegoodshoppingguide.com/subject/sugar/,Marks & Spencer,77,77
198,https://thegoodshoppingguide.com/subject/shampoo-conditioner/,Caurnie,85,85
199,https://thegoodshoppingguide.com/subject/shampoo-conditioner/,Kérastase,50,50
200,https://thegoodshoppingguide.com/subject/electricity-suppliers/,ScottishPower,40,40
201,https://thegoodshoppingguide.com/subject/crisps/,Red Mill,62,62
202,https://thegoodshoppingguide.com/subject/pain-remedies/,Nurofen,42,42
203,https://thegoodshoppingguide.com/subject/ethical-toothpaste/,Crest,31,31
204,https://thegoodshoppingguide.com/subject/cat-dog-food/,Beco,82,82
205,https://thegoodshoppingguide.com/subject/cat-dog-food/,Butcher's,73,73
206,https://thegoodshoppingguide.com/subject/make-up/,The Body Shop,81,81
207,https://thegoodshoppingguide.com/subject/pasta-pulse-and-rices/,Tilda,67,67
208,https://thegoodshoppingguide.com/subject/pain-remedies/,Hedex,27,27
209,https://thegoodshoppingguide.com/subject/vegetarian-foods/,Biona,79,79
210,https://thegoodshoppingguide.com/subject/pasta-pulse-and-rices/,Garofalo,67,67
211,https://thegoodshoppingguide.com/subject/cooking-oil/,Pura,38,38
212,https://thegoodshoppingguide.com/subject/cookers/,Siemens,73,73
213,https://thegoodshoppingguide.com/subject/fridges-freezers/,De Dietrich,82,82
214,https://thegoodshoppingguide.com/subject/margarine/,Kerrygold,50,50
215,https://thegoodshoppingguide.com/subject/chocolate/,Mars Bar,42,42
216,https://thegoodshoppingguide.com/subject/ethical-cleaners/,Dettol,41,41
217,https://thegoodshoppingguide.com/subject/ethical-toothpaste/,Colgate,54,54
218,https://thegoodshoppingguide.com/subject/yoghurt/,Weight Watchers,54,54
219,https://thegoodshoppingguide.com/subject/tea/,Twinings,58,58
220,https://thegoodshoppingguide.com/subject/bottled-water/,San Pellegrino,45,45
221,https://thegoodshoppingguide.com/subject/ethical-cold-remedies/,Lemsip Original,46,46
222,https://thegoodshoppingguide.com/subject/ethical-insurance/,Budget Insurance,66,66
223,https://thegoodshoppingguide.com/subject/bread/,Kingsmill,54,54
224,https://thegoodshoppingguide.com/subject/cooking-oil/,Olivio,54,54
225,https://thegoodshoppingguide.com/subject/bottled-water/,Vittel,45,45
226,https://thegoodshoppingguide.com/subject/supermarkets/,Waitrose,71,71
227,https://thegoodshoppingguide.com/subject/ethical-toothpaste/,Pearl Drops,50,50
228,https://thegoodshoppingguide.com/subject/bread/,Doves Farm,96,96
229,https://thegoodshoppingguide.com/subject/tea/,Traidcraft,96,96
230,https://thegoodshoppingguide.com/subject/tea/,Good Earth,46,46
231,https://thegoodshoppingguide.com/subject/ethical-flower-delivery-companies/,Blossoming Gifts,70,70
232,https://thegoodshoppingguide.com/subject/bottled-water/,Thirsty Planet,85,85
233,https://thegoodshoppingguide.com/subject/ethical-mortgages/,Nationwide Building Society,83,83
234,https://thegoodshoppingguide.com/subject/mobile-phones/,Motorola,58,58
235,https://thegoodshoppingguide.com/subject/breakfast-cereal/,Infinity,79,79
236,https://thegoodshoppingguide.com/subject/ethical-fashion-retailers/,Marks & Spencer,68,68
237,https://thegoodshoppingguide.com/subject/sun-protection/,Banana Boat,65,65
238,https://thegoodshoppingguide.com/subject/mobile-phones/,Google Pixel,33,33
239,https://thegoodshoppingguide.com/subject/ethical-flower-delivery-companies/,Bunches,75,75
240,https://thegoodshoppingguide.com/subject/coffee-shops/,Pret a Manger,58,58
241,https://thegoodshoppingguide.com/subject/mobile-phones/,Fairphone,96,96
242,https://thegoodshoppingguide.com/subject/paint/,Wickes,83,83
243,https://thegoodshoppingguide.com/subject/pain-remedies/,Feminax,35,35
244,https://thegoodshoppingguide.com/subject/cookers/,Electrolux,95,95
245,https://thegoodshoppingguide.com/subject/ethical-cleaners/,Bio D,95,95
246,https://thegoodshoppingguide.com/subject/dishwashers/,Gaggenau,73,73
247,https://thegoodshoppingguide.com/subject/electricity-suppliers/,Budget Energy (NI),75,75
248,https://thegoodshoppingguide.com/subject/soup/,Baxters,62,62
249,https://thegoodshoppingguide.com/subject/shoes-trainers/,Veja,92,92
250,https://thegoodshoppingguide.com/subject/ethical-vitamins/,Bassetts,38,38
251,https://thegoodshoppingguide.com/subject/boilers/,Atmos,86,86
252,https://thegoodshoppingguide.com/subject/make-up/,Clinique,42,42
253,https://thegoodshoppingguide.com/subject/breakfast-cereal/,Doves Farm,96,96
254,https://thegoodshoppingguide.com/subject/chocolate/,Seed & Bean,92,92
255,https://thegoodshoppingguide.com/subject/butter/,Suma,96,96
256,https://thegoodshoppingguide.com/subject/laundry-detergents/,Ecoleaf (Suma),95,95
257,https://thegoodshoppingguide.com/subject/tv-and-broadband/,Post Office,90,90
258,https://thegoodshoppingguide.com/subject/bananas/,The Co-operative,75,75
259,https://thegoodshoppingguide.com/subject/baby-food/,Hipp Organics,71,71
260,https://thegoodshoppingguide.com/subject/pcs-laptops-and-tablets/,Samsung,38,38
261,https://thegoodshoppingguide.com/subject/fridges-freezers/,AEG,95,95
262,https://thegoodshoppingguide.com/subject/soap/,Radox,35,35
263,https://thegoodshoppingguide.com/subject/coffee/,Lidl,50,50
264,https://thegoodshoppingguide.com/subject/ethical-fashion-retailers/,Burton,50,50
265,https://thegoodshoppingguide.com/subject/margarine/,Willow,58,58
266,https://thegoodshoppingguide.com/subject/shampoo-conditioner/,Paul Mitchell,73,73
267,https://thegoodshoppingguide.com/subject/dishwashers/,Miele,86,86
268,https://thegoodshoppingguide.com/subject/bread/,Village Bakery,96,96
269,https://thegoodshoppingguide.com/subject/jam-and-spreads/,Robertsons,71,71
270,https://thegoodshoppingguide.com/subject/tinned-tuna/,Waitrose,77,77
271,https://thegoodshoppingguide.com/subject/pasta-pulse-and-rices/,De Cecco,75,75
272,https://thegoodshoppingguide.com/subject/bottled-water/,Life Water,95,95
273,https://thegoodshoppingguide.com/subject/televisions/,Aiwa,73,73
274,https://thegoodshoppingguide.com/subject/breakfast-cereal/,Kallo,75,75
275,https://thegoodshoppingguide.com/subject/yoghurt/,Yeo Valley Organic,79,79
276,https://thegoodshoppingguide.com/subject/bananas/,Asda,46,46
277,https://thegoodshoppingguide.com/subject/yoghurt/,Actimel,50,50
278,https://thegoodshoppingguide.com/subject/skincare/,Green People,100,100
279,https://thegoodshoppingguide.com/subject/ethical-mortgages/,Ecology Building Society,94,94
280,https://thegoodshoppingguide.com/subject/ethical-furniture%e2%80%8d%e2%80%8d%e2%80%8d/,Harvey's,77,77
281,https://thegoodshoppingguide.com/subject/yoghurt/,Woodlands Park,87,87
282,https://thegoodshoppingguide.com/subject/ethical-insurance/,Insure Green,66,66
283,https://thegoodshoppingguide.com/subject/washing-up-liquid/,Attitude,77,77
284,https://thegoodshoppingguide.com/subject/dishwashers/,Swan,77,77
285,https://thegoodshoppingguide.com/subject/crisps/,KP,41,41
286,https://thegoodshoppingguide.com/subject/printers/,Dell,59,59
287,https://thegoodshoppingguide.com/subject/ethical-cold-remedies/,Neal's Yard Remedies,100,100
288,https://thegoodshoppingguide.com/subject/pain-remedies/,Boots,31,31
289,https://thegoodshoppingguide.com/subject/tea/,Tesco,50,50
290,https://thegoodshoppingguide.com/subject/ethical-banks-building-societies%e2%80%8d%e2%80%8d%e2%80%8d/,Lloyds Bank,33,33
291,https://thegoodshoppingguide.com/subject/cat-dog-food/,Whiskas,32,32
292,https://thegoodshoppingguide.com/subject/kitchen-appliances/,Electrolux,95,95
293,https://thegoodshoppingguide.com/subject/dishwashers/,Servis,91,91
294,https://thegoodshoppingguide.com/subject/vegetarian-foods/,VBites Cheatin',83,83
295,https://thegoodshoppingguide.com/subject/ethical-banks-building-societies%e2%80%8d%e2%80%8d%e2%80%8d/,Bank of Ireland,61,61
296,https://thegoodshoppingguide.com/subject/ethical-banks-building-societies%e2%80%8d%e2%80%8d%e2%80%8d/,Halifax,33,33
297,https://thegoodshoppingguide.com/subject/mobile-networks/,Giffgaff,95,95
298,https://thegoodshoppingguide.com/subject/ethical-mortgages/,RBS,22,22
299,https://thegoodshoppingguide.com/subject/soap/,Dettol,50,50
300,https://thegoodshoppingguide.com/subject/soft-drinks/,Virgin Cola,70,70
301,https://thegoodshoppingguide.com/subject/ethical-furniture%e2%80%8d%e2%80%8d%e2%80%8d/,Argos,41,41
302,https://thegoodshoppingguide.com/subject/shoes-trainers/,Reebok,65,65
303,https://thegoodshoppingguide.com/subject/ethical-fashion-retailers/,Gap,47,47
304,https://thegoodshoppingguide.com/subject/shampoo-conditioner/,Neautrogena,27,27
305,https://thegoodshoppingguide.com/subject/ethical-cleaners/,ECO.3,100,100
306,https://thegoodshoppingguide.com/subject/cat-dog-food/,Felix,50,50
307,https://thegoodshoppingguide.com/subject/ethical-banks-building-societies%e2%80%8d%e2%80%8d%e2%80%8d/,Natwest,22,22
308,https://thegoodshoppingguide.com/subject/shampoo-conditioner/,Elvive,50,50
309,https://thegoodshoppingguide.com/subject/soup/,Batchelors,46,46
310,https://thegoodshoppingguide.com/subject/shampoo-conditioner/,TRESemmé,35,35
311,https://thegoodshoppingguide.com/subject/cookers/,New World,82,82
312,https://thegoodshoppingguide.com/subject/televisions/,Bush,77,77
313,https://thegoodshoppingguide.com/subject/televisions/,Samsung,59,59
314,https://thegoodshoppingguide.com/subject/ethical-fashion-retailers/,Miss Selfridge,50,50
315,https://thegoodshoppingguide.com/subject/crisps/,Walkers,37,37
316,https://thegoodshoppingguide.com/subject/ethical-toothpaste/,Kingfisher,88,88
317,https://thegoodshoppingguide.com/subject/tv-and-broadband/,BT,70,70
318,https://thegoodshoppingguide.com/subject/ethical-fashion-retailers/,Next,71,71
319,https://thegoodshoppingguide.com/subject/ethical-toothpaste/,Mentadent P,58,58
320,https://thegoodshoppingguide.com/subject/sugar/,Whitworths,76,76
321,https://thegoodshoppingguide.com/subject/dishwashers/,Hoover,91,91
322,https://thegoodshoppingguide.com/subject/ethical-flower-delivery-companies/,The Real Flower Company,75,75
323,https://thegoodshoppingguide.com/subject/boilers/,Ariston,91,91
324,https://thegoodshoppingguide.com/subject/ethical-mortgages/,Coventry Building Society,78,78
325,https://thegoodshoppingguide.com/subject/televisions/,Mitsubishi,59,59
326,https://thegoodshoppingguide.com/subject/pcs-laptops-and-tablets/,iameco,87,87
327,https://thegoodshoppingguide.com/subject/ethical-fashion-retailers/,White Stuff,71,71
328,https://thegoodshoppingguide.com/subject/ethical-cold-remedies/,Coldenza,65,65
329,https://thegoodshoppingguide.com/subject/ethical-mortgages/,Bank of Scotland,33,33
330,https://thegoodshoppingguide.com/subject/cookers/,Neff,73,73
331,https://thegoodshoppingguide.com/subject/shoes-trainers/,Havaianas,61,61
332,https://thegoodshoppingguide.com/subject/pcs-laptops-and-tablets/,Asus,79,79
333,https://thegoodshoppingguide.com/subject/printers/,Ricoh,95,95
334,https://thegoodshoppingguide.com/subject/ethical-banks-building-societies%e2%80%8d%e2%80%8d%e2%80%8d/,Revolut,39,39
335,https://thegoodshoppingguide.com/subject/ethical-furniture%e2%80%8d%e2%80%8d%e2%80%8d/,Habitat,41,41
336,https://thegoodshoppingguide.com/subject/shampoo-conditioner/,Honesty,92,92
337,https://thegoodshoppingguide.com/subject/pain-remedies/,LloydsPharmacy,65,65
338,https://thegoodshoppingguide.com/subject/washing-machines/,Beko,68,68
339,https://thegoodshoppingguide.com/subject/cookers/,Hoover,91,91
340,https://thegoodshoppingguide.com/subject/skincare/,Liz Earle,50,50
341,https://thegoodshoppingguide.com/subject/sun-protection/,Garnier Ambre Solaire,42,42
342,https://thegoodshoppingguide.com/subject/kitchen-appliances/,GE,59,59
343,https://thegoodshoppingguide.com/subject/cookers/,AEG,95,95
344,https://thegoodshoppingguide.com/subject/ethical-mortgages/,Metro Bank,72,72
345,https://thegoodshoppingguide.com/subject/margarine/,Vitalite,58,58
346,https://thegoodshoppingguide.com/subject/tv-and-broadband/,Zen Internet,90,90
347,https://thegoodshoppingguide.com/subject/ethical-cold-remedies/,Sudafed,42,42
348,https://thegoodshoppingguide.com/subject/tea/,Asda,46,46
349,https://thegoodshoppingguide.com/subject/chocolate/,Plamil,96,96
350,https://thegoodshoppingguide.com/subject/skincare/,Biotherm,46,46
351,https://thegoodshoppingguide.com/subject/ethical-feminine-care/,Mooncup,100,100
352,https://thegoodshoppingguide.com/subject/ethical-flower-delivery-companies/,Prestige Flowers,65,65
353,https://thegoodshoppingguide.com/subject/skincare/,Made for Life,92,92
354,https://thegoodshoppingguide.com/subject/skincare/,Living Naturally,100,100
355,https://thegoodshoppingguide.com/subject/paint/,Tŷ-Mawr,100,100
356,https://thegoodshoppingguide.com/subject/ethical-feminine-care/,Gift,75,75
357,https://thegoodshoppingguide.com/subject/ethical-cleaners/,YOU,50,50
358,https://thegoodshoppingguide.com/subject/ethical-feminine-care/,Naty,96,96
359,https://thegoodshoppingguide.com/subject/soft-drinks/,Tropicana,57,57
360,https://thegoodshoppingguide.com/subject/ethical-cleaners/,Mr Muscle,36,36
361,https://thegoodshoppingguide.com/subject/baby-food/,Baby Organix,79,79
362,https://thegoodshoppingguide.com/subject/all-in-ones/,Samsung,32,32
363,https://thegoodshoppingguide.com/subject/ethical-toothpaste/,Aquafresh,27,27
364,https://thegoodshoppingguide.com/subject/sun-protection/,Ultrasun,65,65
365,https://thegoodshoppingguide.com/subject/breakfast-cereal/,Kellogg's,58,58
366,https://thegoodshoppingguide.com/subject/bottled-water/,Nestlé Pure Life,45,45
367,https://thegoodshoppingguide.com/subject/laundry-detergents/,ECOS,91,91
368,https://thegoodshoppingguide.com/subject/bottled-water/,Aqua Pura,25,25
369,https://thegoodshoppingguide.com/subject/washing-machines/,Hoover,91,91
370,https://thegoodshoppingguide.com/subject/dishwashers/,Neff,73,73
371,https://thegoodshoppingguide.com/subject/cat-dog-food/,Lily's Kitchen,50,50
372,https://thegoodshoppingguide.com/subject/ethical-banks-building-societies%e2%80%8d%e2%80%8d%e2%80%8d/,Santander,39,39
373,https://thegoodshoppingguide.com/subject/all-in-ones/,Konica Minolta,95,95
374,https://thegoodshoppingguide.com/subject/all-in-ones/,Brother,95,95
375,https://thegoodshoppingguide.com/subject/make-up/,TanOrganic,100,100
376,https://thegoodshoppingguide.com/subject/cat-dog-food/,Broadreach Nature +,82,82
377,https://thegoodshoppingguide.com/subject/shampoo-conditioner/,Neal's Yard Remedies,100,100
378,https://thegoodshoppingguide.com/subject/ethical-vitamins/,Fushi Wellbeing,100,100
379,https://thegoodshoppingguide.com/subject/washing-machines/,Siemens,73,73
380,https://thegoodshoppingguide.com/subject/coffee/,Carte Noir,38,38
381,https://thegoodshoppingguide.com/subject/washing-machines/,Whirlpool,68,68
382,https://thegoodshoppingguide.com/subject/washing-machines/,Electrolux,95,95
383,https://thegoodshoppingguide.com/subject/electricity-suppliers/,E.On,55,55
384,https://thegoodshoppingguide.com/subject/tea/,Yorkshire Tea,88,88
385,https://thegoodshoppingguide.com/subject/paint/,Osmo,100,100
386,https://thegoodshoppingguide.com/subject/boilers/,Potterton,86,86
387,https://thegoodshoppingguide.com/subject/ethical-vitamins/,Pukka,46,46
388,https://thegoodshoppingguide.com/subject/ethical-banks-building-societies%e2%80%8d%e2%80%8d%e2%80%8d/,Monzo,72,72
389,https://thegoodshoppingguide.com/subject/pasta-pulse-and-rices/,Biona,79,79
390,https://thegoodshoppingguide.com/subject/ethical-insurance/,AXA,72,72
391,https://thegoodshoppingguide.com/subject/nappies/,TotsBots (washable),79,79
392,https://thegoodshoppingguide.com/subject/vaccum-cleaners/,Hitachi,64,64
393,https://thegoodshoppingguide.com/subject/washing-machines/,Gaggenau,73,73
394,https://thegoodshoppingguide.com/subject/ethical-vitamins/,Seven Seas,54,54
395,https://thegoodshoppingguide.com/subject/soap/,L'Occitane,73,73
396,https://thegoodshoppingguide.com/subject/bananas/,Dole,67,67
397,https://thegoodshoppingguide.com/subject/supermarkets/,Iceland,50,50
398,https://thegoodshoppingguide.com/subject/shampoo-conditioner/,Charles Worthington,62,62
399,https://thegoodshoppingguide.com/subject/fridges-freezers/,Servis,91,91
400,https://thegoodshoppingguide.com/subject/fridges-freezers/,Baumatic,91,91
401,https://thegoodshoppingguide.com/subject/laundry-detergents/,Daz,36,36
402,https://thegoodshoppingguide.com/subject/paint/,Homebase,45,45
403,https://thegoodshoppingguide.com/subject/kettles/,Bush,77,77
404,https://thegoodshoppingguide.com/subject/breakfast-cereal/,Mornflake,75,75
405,https://thegoodshoppingguide.com/subject/butter/,Pure,83,83
406,https://thegoodshoppingguide.com/subject/pcs-laptops-and-tablets/,Lenovo,58,58
407,https://thegoodshoppingguide.com/subject/tinned-tuna/,John West,45,45
408,https://thegoodshoppingguide.com/subject/soap/,Ecover,35,35
409,https://thegoodshoppingguide.com/subject/cookers/,Servis,91,91
410,https://thegoodshoppingguide.com/subject/soap/,The Body Shop,81,81
411,https://thegoodshoppingguide.com/subject/kettles/,Moulinex,86,86
412,https://thegoodshoppingguide.com/subject/boilers/,Worcester Greenstar,64,64
413,https://thegoodshoppingguide.com/subject/washing-up-liquid/,ECOS,91,91
414,https://thegoodshoppingguide.com/subject/paint/,Colours (B&Q),83,83
415,https://thegoodshoppingguide.com/subject/soap/,Palmolive,42,42
416,https://thegoodshoppingguide.com/subject/make-up/,Revlon,31,31
417,https://thegoodshoppingguide.com/subject/supermarkets/,Morrisons,64,64
418,https://thegoodshoppingguide.com/subject/washing-machines/,AEG,95,95
419,https://thegoodshoppingguide.com/subject/sun-protection/,Eucerin,58,58
420,https://thegoodshoppingguide.com/subject/skincare/,Simple,35,35
421,https://thegoodshoppingguide.com/subject/pcs-laptops-and-tablets/,Microsoft Surface,63,63
422,https://thegoodshoppingguide.com/subject/cat-dog-food/,Benevo,100,100
423,https://thegoodshoppingguide.com/subject/skincare/,Clearasil,50,50
424,https://thegoodshoppingguide.com/subject/ethical-cold-remedies/,Karvol,46,46
425,https://thegoodshoppingguide.com/subject/cookers/,Leisure,68,68
426,https://thegoodshoppingguide.com/subject/butter/,Anchor,67,67
427,https://thegoodshoppingguide.com/subject/ethical-insurance/,Privilege,55,55
428,https://thegoodshoppingguide.com/subject/vegetarian-foods/,Fry's,79,79
429,https://thegoodshoppingguide.com/subject/nappies/,Bambo Nature,75,75
430,https://thegoodshoppingguide.com/subject/butter/,St Ivel Shirgar,58,58
431,https://thegoodshoppingguide.com/subject/ethical-insurance/,Swinton,50,50
432,https://thegoodshoppingguide.com/subject/soap/,Dove,35,35
433,https://thegoodshoppingguide.com/subject/chocolate/,Kinder,65,65
434,https://thegoodshoppingguide.com/subject/supermarkets/,Aldi,54,54
435,https://thegoodshoppingguide.com/subject/sugar/,Sainsbury's,72,72
436,https://thegoodshoppingguide.com/subject/tinned-tuna/,Lidl,50,50
437,https://thegoodshoppingguide.com/subject/sugar/,Silver Spoon,56,56
438,https://thegoodshoppingguide.com/subject/cookers/,Whirlpool,68,68
439,https://thegoodshoppingguide.com/subject/ethical-fashion-retailers/,River Island,71,71
440,https://thegoodshoppingguide.com/subject/ethical-banks-building-societies%e2%80%8d%e2%80%8d%e2%80%8d/,Ecology Building Society,94,94
441,https://thegoodshoppingguide.com/subject/ethical-feminine-care/,Lil-lets,75,75
442,https://thegoodshoppingguide.com/subject/washing-machines/,Maytag,68,68
443,https://thegoodshoppingguide.com/subject/shampoo-conditioner/,VO5,35,35
444,https://thegoodshoppingguide.com/subject/washing-machines/,LG,55,55
445,https://thegoodshoppingguide.com/subject/ethical-fashion-retailers/,People Tree,96,96
446,https://thegoodshoppingguide.com/subject/shampoo-conditioner/,Green People,100,100
447,https://thegoodshoppingguide.com/subject/electricity-suppliers/,Ebico,90,90
448,https://thegoodshoppingguide.com/subject/kettles/,Philips,73,73
449,https://thegoodshoppingguide.com/subject/mobile-phones/,Mi,54,54
450,https://thegoodshoppingguide.com/subject/vaccum-cleaners/,Nilfisk,73,73
451,https://thegoodshoppingguide.com/subject/ethical-vitamins/,Haliborange,54,54
452,https://thegoodshoppingguide.com/subject/ethical-vitamins/,Vitabiotics,79,79
453,https://thegoodshoppingguide.com/subject/shoes-trainers/,Umbro,50,50
454,https://thegoodshoppingguide.com/subject/shoes-trainers/,Dune,69,69
455,https://thegoodshoppingguide.com/subject/ethical-insurance/,Animal Friends,72,72
456,https://thegoodshoppingguide.com/subject/ethical-flower-delivery-companies/,iflorist,80,80
457,https://thegoodshoppingguide.com/subject/boilers/,Barcelona,86,86
458,https://thegoodshoppingguide.com/subject/cat-dog-food/,Henley Raw Dog Food,82,82
459,https://thegoodshoppingguide.com/subject/kitchen-appliances/,Bosch,73,73
460,https://thegoodshoppingguide.com/subject/vegetarian-foods/,Tivall,46,46
461,https://thegoodshoppingguide.com/subject/sun-protection/,Clarins,54,54
462,https://thegoodshoppingguide.com/subject/sun-protection/,Calypso,88,88
463,https://thegoodshoppingguide.com/subject/shoes-trainers/,Timberland,58,58
464,https://thegoodshoppingguide.com/subject/pcs-laptops-and-tablets/,Linx,83,83
465,https://thegoodshoppingguide.com/subject/bread/,Burgen,54,54
466,https://thegoodshoppingguide.com/subject/televisions/,Matsui,82,82
467,https://thegoodshoppingguide.com/subject/ethical-flower-delivery-companies/,The Great British Florist,75,75
468,https://thegoodshoppingguide.com/subject/shoes-trainers/,adidas,65,65
469,https://thegoodshoppingguide.com/subject/televisions/,Thomson,73,73
470,https://thegoodshoppingguide.com/subject/pcs-laptops-and-tablets/,Acer,96,96
471,https://thegoodshoppingguide.com/subject/ethical-fashion-retailers/,French Connection,64,64
472,https://thegoodshoppingguide.com/subject/butter/,Yeo Valley,79,79
473,https://thegoodshoppingguide.com/subject/nappies/,Naty,96,96
474,https://thegoodshoppingguide.com/subject/televisions/,Philips,73,73
475,https://thegoodshoppingguide.com/subject/sugar/,Equal Exchange,88,88
476,https://thegoodshoppingguide.com/subject/all-in-ones/,Epson,77,77
477,https://thegoodshoppingguide.com/subject/skincare/,Clinque,42,42
478,https://thegoodshoppingguide.com/subject/shampoo-conditioner/,Head & Shoulders,42,42
479,https://thegoodshoppingguide.com/subject/washing-machines/,Neff,73,73
480,https://thegoodshoppingguide.com/subject/soup/,Knorr,54,54
481,https://thegoodshoppingguide.com/subject/televisions/,Hitachi,64,64
482,https://thegoodshoppingguide.com/subject/cookers/,De Dietrich,82,82
483,https://thegoodshoppingguide.com/subject/cat-dog-food/,Trophy Pet Foods,82,82
484,https://thegoodshoppingguide.com/subject/washing-up-liquid/,Ecover,36,36
485,https://thegoodshoppingguide.com/subject/jam-and-spreads/,Tiptree,62,62
486,https://thegoodshoppingguide.com/subject/baby-food/,Boots,71,71
487,https://thegoodshoppingguide.com/subject/sun-protection/,incognito,92,92
488,https://thegoodshoppingguide.com/subject/cookers/,Belling,82,82
489,https://thegoodshoppingguide.com/subject/ethical-mortgages/,Barclays,22,22
490,https://thegoodshoppingguide.com/subject/bananas/,Waitrose,75,75
491,https://thegoodshoppingguide.com/subject/kettles/,Morphy Richards,86,86
492,https://thegoodshoppingguide.com/subject/ethical-toothpaste/,Arm & Hammer,50,50
493,https://thegoodshoppingguide.com/subject/vegetarian-foods/,Linda McCartney,67,67
494,https://thegoodshoppingguide.com/subject/biscuits/,Burton's,50,50
495,https://thegoodshoppingguide.com/subject/tinned-tuna/,Reelfish,95,95
496,https://thegoodshoppingguide.com/subject/shampoo-conditioner/,Weleda,81,81
497,https://thegoodshoppingguide.com/subject/chocolate/,Divine,81,81
498,https://thegoodshoppingguide.com/subject/printers/,Samsung,32,32
499,https://thegoodshoppingguide.com/subject/chocolate/,KitKat,50,50
500,https://thegoodshoppingguide.com/subject/printers/,Konica Minolta,95,95
501,https://thegoodshoppingguide.com/subject/bananas/,Lidl,50,50
502,https://thegoodshoppingguide.com/subject/televisions/,LG,77,77
503,https://thegoodshoppingguide.com/subject/kitchen-appliances/,Hotpoint,68,68
504,https://thegoodshoppingguide.com/subject/ethical-mortgages/,Santander,39,39
505,https://thegoodshoppingguide.com/subject/kitchen-appliances/,Swan,77,77
506,https://thegoodshoppingguide.com/subject/sugar/,Tate & Lyle,80,80
507,https://thegoodshoppingguide.com/subject/dishwashers/,De Dietrich,82,82
508,https://thegoodshoppingguide.com/subject/pain-remedies/,Anadin,27,27
509,https://thegoodshoppingguide.com/subject/chocolate/,Toblerone,42,42
510,https://thegoodshoppingguide.com/subject/electricity-suppliers/,npower,45,45
511,https://thegoodshoppingguide.com/subject/breakfast-cereal/,Quaker Oats,37,37
512,https://thegoodshoppingguide.com/subject/crisps/,Kettle Chips,67,67
513,https://thegoodshoppingguide.com/subject/ethical-flower-delivery-companies/,Arena Flowers,100,100
514,https://thegoodshoppingguide.com/subject/beer-lager-and-cider/,Carlsberg,58,58
515,https://thegoodshoppingguide.com/subject/ethical-feminine-care/,Organyc,75,75
516,https://thegoodshoppingguide.com/subject/pcs-laptops-and-tablets/,Alienware,63,63
517,https://thegoodshoppingguide.com/subject/boilers/,Baxi,86,86
518,https://thegoodshoppingguide.com/subject/soft-drinks/,Coca-Cola,39,39
519,https://thegoodshoppingguide.com/subject/televisions/,Grundig,77,77
520,https://thegoodshoppingguide.com/subject/ethical-fashion-retailers/,Teksha,79,79
521,https://thegoodshoppingguide.com/subject/coffee-shops/,Caffè Nero,65,65
522,https://thegoodshoppingguide.com/subject/bread/,Mother's Pride,71,71
523,https://thegoodshoppingguide.com/subject/skincare/,Nivea,58,58
524,https://thegoodshoppingguide.com/subject/tv-and-broadband/,fuel broadband,85,85
525,https://thegoodshoppingguide.com/subject/ethical-insurance/,Hastings Direct,66,66
526,https://thegoodshoppingguide.com/subject/ethical-dog-food/,Bakers,50,50
527,https://thegoodshoppingguide.com/subject/skincare/,Weleda,81,81
528,https://thegoodshoppingguide.com/subject/tea/,Jacksons of Piccadilly,58,58
529,https://thegoodshoppingguide.com/subject/all-in-ones/,Xerox,59,59
530,https://thegoodshoppingguide.com/subject/sun-protection/,Hawaiian Tropic,65,65
531,https://thegoodshoppingguide.com/subject/tinned-tuna/,The Co-operative Food,77,77
532,https://thegoodshoppingguide.com/subject/ice-cream/,Little Big Food Co,67,67
533,https://thegoodshoppingguide.com/subject/ethical-vitamins/,Oxford Vitality,92,92
534,https://thegoodshoppingguide.com/subject/ethical-mortgages/,First Direct,22,22
535,https://thegoodshoppingguide.com/subject/dishwashers/,AEG,95,95
536,https://thegoodshoppingguide.com/subject/ethical-fashion-retailers/,Phase Eight,71,71
537,https://thegoodshoppingguide.com/subject/fridges-freezers/,Swan,77,77
538,https://thegoodshoppingguide.com/subject/make-up/,Elizabeth Arden,31,31
539,https://thegoodshoppingguide.com/subject/laundry-detergents/,Surf,36,36
540,https://thegoodshoppingguide.com/subject/vaccum-cleaners/,Hoover,73,73
541,https://thegoodshoppingguide.com/subject/boilers/,Quinta,86,86
542,https://thegoodshoppingguide.com/subject/ethical-vitamins/,Higher Nature,87,87
543,https://thegoodshoppingguide.com/subject/fridges-freezers/,Siemens,73,73
544,https://thegoodshoppingguide.com/subject/ice-cream/,Lyons,63,63
545,https://thegoodshoppingguide.com/subject/ethical-fashion-retailers/,Zara,71,71
546,https://thegoodshoppingguide.com/subject/cookers/,Gaggenau,73,73
547,https://thegoodshoppingguide.com/subject/shampoo-conditioner/,Avalon Organics,61,61
548,https://thegoodshoppingguide.com/subject/nappies/,Boots Baby,46,46
549,https://thegoodshoppingguide.com/subject/skincare/,Estee Lauder,42,42
550,https://thegoodshoppingguide.com/subject/chocolate/,Daim Bar,42,42
551,https://thegoodshoppingguide.com/subject/vegetarian-foods/,Amy's,87,87
552,https://thegoodshoppingguide.com/subject/ice-cream/,Tofutti,58,58
553,https://thegoodshoppingguide.com/subject/skincare/,Aveda,42,42
554,https://thegoodshoppingguide.com/subject/kettles/,Tefal,86,86
555,https://thegoodshoppingguide.com/subject/all-in-ones/,Ricoh,95,95
556,https://thegoodshoppingguide.com/subject/cookers/,Samsung,27,27
557,https://thegoodshoppingguide.com/subject/kitchen-appliances/,Krups,95,95
558,https://thegoodshoppingguide.com/subject/ethical-mortgages/,Bank of Ireland,61,61
559,https://thegoodshoppingguide.com/subject/beer-lager-and-cider/,Guinness,33,33
560,https://thegoodshoppingguide.com/subject/shampoo-conditioner/,Pantene,42,42
561,https://thegoodshoppingguide.com/subject/ethical-banks-building-societies%e2%80%8d%e2%80%8d%e2%80%8d/,Bank of Scotland,33,33
562,https://thegoodshoppingguide.com/subject/ice-cream/,Carte D'Or,63,63
563,https://thegoodshoppingguide.com/subject/dishwashers/,Beko,68,68
564,https://thegoodshoppingguide.com/subject/cookers/,Baumatic,91,91
565,https://thegoodshoppingguide.com/subject/ethical-fashion-retailers/,Dorothy Perkins,50,50
566,https://thegoodshoppingguide.com/subject/shampoo-conditioner/,Dove,35,35
567,https://thegoodshoppingguide.com/subject/coffee-shops/,Caffè Ritazza,54,54
568,https://thegoodshoppingguide.com/subject/ethical-furniture%e2%80%8d%e2%80%8d%e2%80%8d/,Homebase,68,68
569,https://thegoodshoppingguide.com/subject/baby-food/,Heinz,54,54
570,https://thegoodshoppingguide.com/subject/laundry-detergents/,Surcare,64,64
571,https://thegoodshoppingguide.com/subject/skincare/,Ponds,35,35
572,https://thegoodshoppingguide.com/subject/mobile-phones/,Nokia,79,79
573,https://thegoodshoppingguide.com/subject/skincare/,Olay,42,42
574,https://thegoodshoppingguide.com/subject/breakfast-cereal/,Whole Earth,75,75
575,https://thegoodshoppingguide.com/subject/margarine/,I Can't Believe INB,54,54
576,https://thegoodshoppingguide.com/subject/cat-dog-food/,Paleo Ridge Raw,91,91
577,https://thegoodshoppingguide.com/subject/ethical-toothpaste/,Tom's of Maine,81,81
578,https://thegoodshoppingguide.com/subject/ethical-toothpaste/,Thursday Plantation,73,73
579,https://thegoodshoppingguide.com/subject/make-up/,MAC,42,42
580,https://thegoodshoppingguide.com/subject/all-in-ones/,Olivetti,91,91
581,https://thegoodshoppingguide.com/subject/ethical-banks-building-societies%e2%80%8d%e2%80%8d%e2%80%8d/,Virgin Money,72,72
582,https://thegoodshoppingguide.com/subject/boilers/,Arena,86,86
583,https://thegoodshoppingguide.com/subject/kettles/,Kenwood,77,77
584,https://thegoodshoppingguide.com/subject/ethical-furniture%e2%80%8d%e2%80%8d%e2%80%8d/,Ian Snow,100,100
585,https://thegoodshoppingguide.com/subject/chocolate/,Green & Blacks,42,42
586,https://thegoodshoppingguide.com/subject/ethical-fashion-retailers/,H&M,75,75
587,https://thegoodshoppingguide.com/subject/chocolate/,Traidcraft,96,96
588,https://thegoodshoppingguide.com/subject/bananas/,Morrison's,67,67
589,https://thegoodshoppingguide.com/subject/yoghurt/,Danone,50,50
590,https://thegoodshoppingguide.com/subject/ethical-mortgages/,HSBC,22,22
591,https://thegoodshoppingguide.com/subject/tv-and-broadband/,plusnet,70,70
592,https://thegoodshoppingguide.com/subject/ethical-feminine-care/,Bodyform,54,54
593,https://thegoodshoppingguide.com/subject/ethical-banks-building-societies%e2%80%8d%e2%80%8d%e2%80%8d/,Cater Allen,39,39
594,https://thegoodshoppingguide.com/subject/ethical-banks-building-societies%e2%80%8d%e2%80%8d%e2%80%8d/,Triodos Bank,94,94
595,https://thegoodshoppingguide.com/subject/mobile-phones/,LG,58,58
596,https://thegoodshoppingguide.com/subject/crisps/,Golden Wonder,62,62
597,https://thegoodshoppingguide.com/subject/chocolate/,Milka,42,42
598,https://thegoodshoppingguide.com/subject/skincare/,Planted,85,85
599,https://thegoodshoppingguide.com/subject/ethical-dog-food/,V-Dog,100,100
600,https://thegoodshoppingguide.com/subject/beer-lager-and-cider/,Beck's,58,58
601,https://thegoodshoppingguide.com/subject/washing-machines/,Candy,91,91
602,https://thegoodshoppingguide.com/subject/ethical-banks-building-societies%e2%80%8d%e2%80%8d%e2%80%8d/,First Direct,22,22
603,https://thegoodshoppingguide.com/subject/beer-lager-and-cider/,Wadworth's 6X,62,62
604,https://thegoodshoppingguide.com/subject/soup/,New Covent Garden,46,46
605,https://thegoodshoppingguide.com/subject/ethical-furniture%e2%80%8d%e2%80%8d%e2%80%8d/,Marks & Spencer,50,50
606,https://thegoodshoppingguide.com/subject/shoes-trainers/,LK Bennett,65,65
607,https://thegoodshoppingguide.com/subject/cat-dog-food/,Hill's,36,36
608,https://thegoodshoppingguide.com/subject/bananas/,Budgens,75,75
609,https://thegoodshoppingguide.com/subject/jam-and-spreads/,Baxters,62,62
610,https://thegoodshoppingguide.com/subject/mobile-phones/,BlackBerry,92,92
611,https://thegoodshoppingguide.com/subject/shampoo-conditioner/,Redken,50,50
612,https://thegoodshoppingguide.com/subject/laundry-detergents/,Greenscents,95,95
613,https://thegoodshoppingguide.com/subject/soft-drinks/,Irn Bru,74,74
614,https://thegoodshoppingguide.com/subject/soft-drinks/,Whole Earth Cola,83,83
615,https://thegoodshoppingguide.com/subject/fridges-freezers/,New World,82,82
616,https://thegoodshoppingguide.com/subject/beer-lager-and-cider/,John Smiths,67,67
617,https://thegoodshoppingguide.com/subject/dishwashers/,Samsung,27,27
618,https://thegoodshoppingguide.com/subject/ethical-banks-building-societies%e2%80%8d%e2%80%8d%e2%80%8d/,Coventry Building Society,78,78
619,https://thegoodshoppingguide.com/subject/ethical-feminine-care/,Natracare,100,100
620,https://thegoodshoppingguide.com/subject/ice-cream/,Magnum,63,63
621,https://thegoodshoppingguide.com/subject/ethical-vitamins/,Floradix,87,87
622,https://thegoodshoppingguide.com/subject/soap/,Bentley Organic,69,69
623,https://thegoodshoppingguide.com/subject/ethical-feminine-care/,Bloom & Nora,83,83
624,https://thegoodshoppingguide.com/subject/ethical-toothpaste/,Green People,100,100
625,https://thegoodshoppingguide.com/subject/cat-dog-food/,Hi-Life,59,59
626,https://thegoodshoppingguide.com/subject/soap/,Imperial Leather,62,62
627,https://thegoodshoppingguide.com/subject/cat-dog-food/,AATU,91,91
628,https://thegoodshoppingguide.com/subject/paint/,Lakeland Paints,94,94
629,https://thegoodshoppingguide.com/subject/ethical-banks-building-societies%e2%80%8d%e2%80%8d%e2%80%8d/,Leeds Building Society,83,83
630,https://thegoodshoppingguide.com/subject/tinned-tuna/,Princes,27,27
631,https://thegoodshoppingguide.com/subject/mobile-phones/,iPhone,54,54
632,https://thegoodshoppingguide.com/subject/nappies/,Pampers,46,46
633,https://thegoodshoppingguide.com/subject/electricity-suppliers/,Power NI,85,85
634,https://thegoodshoppingguide.com/subject/cat-dog-food/,Pooch & Mutt,82,82
635,https://thegoodshoppingguide.com/subject/ethical-banks-building-societies%e2%80%8d%e2%80%8d%e2%80%8d/,Skipton Building Society,83,83
636,https://thegoodshoppingguide.com/subject/ethical-cleaners/,Cilit Bang,41,41
637,https://thegoodshoppingguide.com/subject/make-up/,Origins,42,42
638,https://thegoodshoppingguide.com/subject/tinned-tuna/,Marks & Spencer,68,68
639,https://thegoodshoppingguide.com/subject/pcs-laptops-and-tablets/,Packard Bell,92,92
640,https://thegoodshoppingguide.com/subject/ethical-furniture%e2%80%8d%e2%80%8d%e2%80%8d/,Myakka,100,100
641,https://thegoodshoppingguide.com/subject/tv-and-broadband/,Utility Warehouse,90,90
642,https://thegoodshoppingguide.com/subject/skincare/,Botanics,50,50
643,https://thegoodshoppingguide.com/subject/shampoo-conditioner/,OGX,27,27
644,https://thegoodshoppingguide.com/subject/ethical-fashion-retailers/,F&F at Tesco,50,50
645,https://thegoodshoppingguide.com/subject/washing-machines/,Stoves,82,82
646,https://thegoodshoppingguide.com/subject/ethical-feminine-care/,Tampax,42,42
647,https://thegoodshoppingguide.com/subject/bread/,Hovis,71,71
648,https://thegoodshoppingguide.com/subject/cat-dog-food/,Naturaw,91,91
649,https://thegoodshoppingguide.com/subject/ethical-fashion-retailers/,Wallis,50,50
650,https://thegoodshoppingguide.com/subject/fridges-freezers/,Whirlpool,68,68
651,https://thegoodshoppingguide.com/subject/make-up/,Estee Lauder,42,42
652,https://thegoodshoppingguide.com/subject/tv-and-broadband/,Vodafone,85,85
653,https://thegoodshoppingguide.com/subject/cat-dog-food/,Barking/Meowing Heads,91,91
654,https://thegoodshoppingguide.com/subject/ethical-furniture%e2%80%8d%e2%80%8d%e2%80%8d/,DFS,68,68
655,https://thegoodshoppingguide.com/subject/bottled-water/,Evian,45,45
656,https://thegoodshoppingguide.com/subject/cooking-oil/,Princes,29,29
657,https://thegoodshoppingguide.com/subject/kitchen-appliances/,Kenwood,91,91
658,https://thegoodshoppingguide.com/subject/ethical-mortgages/,Natwest,22,22
659,https://thegoodshoppingguide.com/subject/ethical-flower-delivery-companies/,Organic Blooms,85,85
660,https://thegoodshoppingguide.com/subject/ethical-banks-building-societies%e2%80%8d%e2%80%8d%e2%80%8d/,Metro Bank,72,72
661,https://thegoodshoppingguide.com/subject/bottled-water/,Highland Spring,100,100
662,https://thegoodshoppingguide.com/subject/soap/,Yardley,58,58
663,https://thegoodshoppingguide.com/subject/ethical-dog-food/,Butcher's,73,73
664,https://thegoodshoppingguide.com/subject/coffee/,Douwe Egberts,54,54
665,https://thegoodshoppingguide.com/subject/ethical-fashion-retailers/,Tu at Sainsbury's,57,57
666,https://thegoodshoppingguide.com/subject/ethical-insurance/,Naturesave,89,89
667,https://thegoodshoppingguide.com/subject/ethical-dog-food/,Beco,82,82
668,https://thegoodshoppingguide.com/subject/ethical-fashion-retailers/,Monsoon & Accessorize,57,57
669,https://thegoodshoppingguide.com/subject/electricity-suppliers/,British Gas,55,55
670,https://thegoodshoppingguide.com/subject/fridges-freezers/,Beko,68,68
671,https://thegoodshoppingguide.com/subject/coffee-shops/,Costa Coffee,65,65
672,https://thegoodshoppingguide.com/subject/pasta-pulse-and-rices/,Buitoni,54,54
673,https://thegoodshoppingguide.com/subject/paint/,Fired Earth,72,72
674,https://thegoodshoppingguide.com/subject/ethical-cleaners/,Ajax,36,36
675,https://thegoodshoppingguide.com/subject/boilers/,Bosch,64,64
676,https://thegoodshoppingguide.com/subject/electricity-suppliers/,First Utility,75,75
677,https://thegoodshoppingguide.com/subject/vegetarian-foods/,Goodlife,67,67
678,https://thegoodshoppingguide.com/subject/ethical-fashion-retailers/,Debenhams,71,71
679,https://thegoodshoppingguide.com/subject/ethical-mortgages/,TSB,66,66
680,https://thegoodshoppingguide.com/subject/tv-and-broadband/,John Lewis Broadband - supplied by plusnet,75,75
681,https://thegoodshoppingguide.com/subject/paint/,Auro,94,94
682,https://thegoodshoppingguide.com/subject/beer-lager-and-cider/,Carling,54,54
683,https://thegoodshoppingguide.com/subject/soft-drinks/,Pepsi,57,57
684,https://thegoodshoppingguide.com/subject/ethical-insurance/,John Lewis,61,61
685,https://thegoodshoppingguide.com/subject/mobile-networks/,O2,95,95
686,https://thegoodshoppingguide.com/subject/sun-protection/,Tropic Skincare,92,92
687,https://thegoodshoppingguide.com/subject/ethical-furniture%e2%80%8d%e2%80%8d%e2%80%8d/,Dunelm,77,77
688,https://thegoodshoppingguide.com/subject/beer-lager-and-cider/,Strongbow,67,67
689,https://thegoodshoppingguide.com/subject/pcs-laptops-and-tablets/,Zoostorm,71,71
690,https://thegoodshoppingguide.com/subject/ethical-banks-building-societies%e2%80%8d%e2%80%8d%e2%80%8d/,Nationwide Building Society,83,83
691,https://thegoodshoppingguide.com/subject/kettles/,Braun,41,41
692,https://thegoodshoppingguide.com/subject/soft-drinks/,Vimto,66,66
693,https://thegoodshoppingguide.com/subject/ethical-mortgages/,Leeds Building Society,83,83
694,https://thegoodshoppingguide.com/subject/fridges-freezers/,Neff,73,73
695,https://thegoodshoppingguide.com/subject/vaccum-cleaners/,Electrolux,77,77
696,https://thegoodshoppingguide.com/subject/shoes-trainers/,Asics,58,58
697,https://thegoodshoppingguide.com/subject/shoes-trainers/,Dr Martens,69,69
698,https://thegoodshoppingguide.com/subject/ethical-dog-food/,Edgard & Cooper,91,91
699,https://thegoodshoppingguide.com/subject/sugar/,Billington,56,56
700,https://thegoodshoppingguide.com/subject/mobile-networks/,Three,90,90
701,https://thegoodshoppingguide.com/subject/biscuits/,McVities,46,46
702,https://thegoodshoppingguide.com/subject/make-up/,Urban Decay,46,46
703,https://thegoodshoppingguide.com/subject/ethical-insurance/,More Than,72,72
704,https://thegoodshoppingguide.com/subject/fridges-freezers/,Belling,82,82
705,https://thegoodshoppingguide.com/subject/pcs-laptops-and-tablets/,Toshiba,71,71
706,https://thegoodshoppingguide.com/subject/butter/,Clover,58,58
707,https://thegoodshoppingguide.com/subject/chocolate/,Ferrero Rocher,65,65
708,https://thegoodshoppingguide.com/subject/shoes-trainers/,Nine West,54,54
709,https://thegoodshoppingguide.com/subject/ethical-banks-building-societies%e2%80%8d%e2%80%8d%e2%80%8d/,Starling Bank,72,72
710,https://thegoodshoppingguide.com/subject/soft-drinks/,Schweppes,70,70
711,https://thegoodshoppingguide.com/subject/skincare/,Origins,42,42
712,https://thegoodshoppingguide.com/subject/beer-lager-and-cider/,Miller Genuine Draft,67,67
713,https://thegoodshoppingguide.com/subject/shampoo-conditioner/,Tigi,35,35
714,https://thegoodshoppingguide.com/subject/coffee/,Asda,46,46
715,https://thegoodshoppingguide.com/subject/mobile-phones/,NEC,79,79
716,https://thegoodshoppingguide.com/subject/shampoo-conditioner/,Living Naturally,100,100
717,https://thegoodshoppingguide.com/subject/mobile-networks/,EE,50,50
718,https://thegoodshoppingguide.com/subject/ethical-furniture%e2%80%8d%e2%80%8d%e2%80%8d/,Laura Ashley,82,82
719,https://thegoodshoppingguide.com/subject/sugar/,The Co-operative,80,80
720,https://thegoodshoppingguide.com/subject/ethical-feminine-care/,Cottons,67,67
721,https://thegoodshoppingguide.com/subject/butter/,Lurpak,67,67
722,https://thegoodshoppingguide.com/subject/televisions/,Hinari,77,77
723,https://thegoodshoppingguide.com/subject/cat-dog-food/,Pedigree,32,32
724,https://thegoodshoppingguide.com/subject/make-up/,Smashbox,42,42
725,https://thegoodshoppingguide.com/subject/washing-machines/,Samsung,27,27
726,https://thegoodshoppingguide.com/subject/shampoo-conditioner/,Jason,58,58
727,https://thegoodshoppingguide.com/subject/make-up/,Chanel,58,58
728,https://thegoodshoppingguide.com/subject/tinned-tuna/,Sainsbury's,68,68
729,https://thegoodshoppingguide.com/subject/beer-lager-and-cider/,Grolsch,67,67
730,https://thegoodshoppingguide.com/subject/soap/,Suma,88,88
731,https://thegoodshoppingguide.com/subject/pasta-pulse-and-rices/,Suma,96,96
732,https://thegoodshoppingguide.com/subject/chocolate/,Aero,50,50
733,https://thegoodshoppingguide.com/subject/tv-and-broadband/,Virgin Media,85,85
734,https://thegoodshoppingguide.com/subject/baby-food/,Farley,54,54
735,https://thegoodshoppingguide.com/subject/paint/,Farrow & Ball,67,67
736,https://thegoodshoppingguide.com/subject/ethical-flower-delivery-companies/,Teleflorist,80,80
737,https://thegoodshoppingguide.com/subject/ice-cream/,Green & Blacks,54,54
738,https://thegoodshoppingguide.com/subject/vegetarian-foods/,VBites Vegi-Deli,83,83
739,https://thegoodshoppingguide.com/subject/skincare/,Neutrogena,35,35
740,https://thegoodshoppingguide.com/subject/ethical-dog-food/,Goood (Netherlands),91,91
741,https://thegoodshoppingguide.com/subject/ethical-vitamins/,Neal's Yard,100,100
742,https://thegoodshoppingguide.com/subject/nappies/,ImseVimse (washable),87,87
743,https://thegoodshoppingguide.com/subject/tea/,Lidl,50,50
744,https://thegoodshoppingguide.com/subject/bread/,Warburtons,71,71
745,https://thegoodshoppingguide.com/subject/tv-and-broadband/,EE,70,70
746,https://thegoodshoppingguide.com/subject/margarine/,Flora,54,54
747,https://thegoodshoppingguide.com/subject/ethical-flower-delivery-companies/,Flower Station,65,65
748,https://thegoodshoppingguide.com/subject/ethical-cleaners/,ECOS,91,91
749,https://thegoodshoppingguide.com/subject/bottled-water/,Ballygowan,95,95
750,https://thegoodshoppingguide.com/subject/soup/,Carb Options,54,54
751,https://thegoodshoppingguide.com/subject/kitchen-appliances/,Russell Hobbs,77,77
752,https://thegoodshoppingguide.com/subject/ethical-fashion-retailers/,Topshop,50,50
753,https://thegoodshoppingguide.com/subject/dishwashers/,Stoves,82,82
754,https://thegoodshoppingguide.com/subject/laundry-detergents/,Bold,36,36
755,https://thegoodshoppingguide.com/subject/kitchen-appliances/,Tefal,95,95
756,https://thegoodshoppingguide.com/subject/crisps/,Tra'fo,79,79
757,https://thegoodshoppingguide.com/subject/cookers/,Miele,86,86
758,https://thegoodshoppingguide.com/subject/ethical-furniture%e2%80%8d%e2%80%8d%e2%80%8d/,B&Q,82,82
759,https://thegoodshoppingguide.com/subject/ice-cream/,Swedish Glace,63,63
760,https://thegoodshoppingguide.com/subject/skincare/,Kiehls,42,42
761,https://thegoodshoppingguide.com/subject/sun-protection/,Delph,65,65
762,https://thegoodshoppingguide.com/subject/biscuits/,Jacobs,46,46
763,https://thegoodshoppingguide.com/subject/coffee-shops/,Coffee Republic,69,69
764,https://thegoodshoppingguide.com/subject/ethical-banks-building-societies%e2%80%8d%e2%80%8d%e2%80%8d/,RBS,22,22
765,https://thegoodshoppingguide.com/subject/ethical-mortgages/,Yorkshire Building Society,83,83
766,https://thegoodshoppingguide.com/subject/nappies/,MOLTEX nature no. 1,71,71
767,https://thegoodshoppingguide.com/subject/cat-dog-food/,Iams,54,54
768,https://thegoodshoppingguide.com/subject/yoghurt/,Provamel from Alpro,83,83
769,https://thegoodshoppingguide.com/subject/sun-protection/,Coppertone,58,58
770,https://thegoodshoppingguide.com/subject/soup/,Just Wholefoods,79,79
771,https://thegoodshoppingguide.com/subject/washing-machines/,Belling,82,82
772,https://thegoodshoppingguide.com/subject/make-up/,Dr Hauschka,73,73
773,https://thegoodshoppingguide.com/subject/soft-drinks/,Sunny D,61,61
774,https://thegoodshoppingguide.com/subject/laundry-detergents/,Dreft,36,36
775,https://thegoodshoppingguide.com/subject/shampoo-conditioner/,Lavera,88,88
776,https://thegoodshoppingguide.com/subject/beer-lager-and-cider/,Foster's,58,58
777,https://thegoodshoppingguide.com/subject/shoes-trainers/,Russell & Bromley,61,61
778,https://thegoodshoppingguide.com/subject/bottled-water/,Buxton,45,45
779,https://thegoodshoppingguide.com/subject/skincare/,Honesty,92,92
780,https://thegoodshoppingguide.com/subject/chocolate/,MilkyWay,42,42
781,https://thegoodshoppingguide.com/subject/fridges-freezers/,Bosch,73,73
782,https://thegoodshoppingguide.com/subject/ethical-fashion-retailers/,Oasis,50,50
783,https://thegoodshoppingguide.com/subject/biscuits/,Doves Farm,96,96
784,https://thegoodshoppingguide.com/subject/coffee/,Clipper,87,87
785,https://thegoodshoppingguide.com/subject/cooking-oil/,Crisp & Dry,29,29
786,https://thegoodshoppingguide.com/subject/ethical-vitamins/,Holland & Barrett,75,75
787,https://thegoodshoppingguide.com/subject/cat-dog-food/,Green & Wild's,82,82
788,https://thegoodshoppingguide.com/subject/televisions/,Sony,73,73
789,https://thegoodshoppingguide.com/subject/biscuits/,Fox's,54,54
790,https://thegoodshoppingguide.com/subject/cat-dog-food/,Webbox,63,63
791,https://thegoodshoppingguide.com/subject/soap/,Carex,62,62
792,https://thegoodshoppingguide.com/subject/ethical-mortgages/,Atom Bank,61,61
793,https://thegoodshoppingguide.com/subject/mobile-phones/,OnePlus,54,54
794,https://thegoodshoppingguide.com/subject/fridges-freezers/,Hoover,91,91
795,https://thegoodshoppingguide.com/subject/televisions/,JVC,64,64
796,https://thegoodshoppingguide.com/subject/cookers/,Bosch,73,73
797,https://thegoodshoppingguide.com/subject/beer-lager-and-cider/,Blackthorn,62,62
798,https://thegoodshoppingguide.com/subject/soap/,Pears,35,35
799,https://thegoodshoppingguide.com/subject/make-up/,Bourjois,42,42
800,https://thegoodshoppingguide.com/subject/chocolate/,Ritter Sport,58,58
801,https://thegoodshoppingguide.com/subject/boilers/,Carfield/Geminox,64,64
802,https://thegoodshoppingguide.com/subject/dishwashers/,Siemens,73,73
803,https://thegoodshoppingguide.com/subject/ethical-toothpaste/,Euthymol,42,42
804,https://thegoodshoppingguide.com/subject/bottled-water/,Strathmore,85,85
805,https://thegoodshoppingguide.com/subject/soap/,Neal's Yard,100,100
806,https://thegoodshoppingguide.com/subject/coffee/,Traidcraft,96,96
807,https://thegoodshoppingguide.com/subject/sun-protection/,Nivea Sun,58,58
808,https://thegoodshoppingguide.com/subject/coffee-shops/,Starbucks,46,46
809,https://thegoodshoppingguide.com/subject/televisions/,Akai,86,86
810,https://thegoodshoppingguide.com/subject/coffee/,Red Mountains,83,83
811,https://thegoodshoppingguide.com/subject/shampoo-conditioner/,Lush,92,92
812,https://thegoodshoppingguide.com/subject/jam-and-spreads/,Meridian,75,75
813,https://thegoodshoppingguide.com/subject/cooking-oil/,Meridian,75,75
814,https://thegoodshoppingguide.com/subject/ethical-fashion-retailers/,George at Asda,39,39
815,https://thegoodshoppingguide.com/subject/all-in-ones/,Lexmark,95,95
816,https://thegoodshoppingguide.com/subject/electricity-suppliers/,Green Pioneer* by Co-Operative Energy,75,75
817,https://thegoodshoppingguide.com/subject/printers/,Epson,77,77
818,https://thegoodshoppingguide.com/subject/paint/,Keim,94,94
819,https://thegoodshoppingguide.com/subject/bread/,Authentic Bread,79,79
820,https://thegoodshoppingguide.com/subject/ethical-dog-food/,Goood (Germany),91,91
821,https://thegoodshoppingguide.com/subject/ice-cream/,Food Heaven,79,79
822,https://thegoodshoppingguide.com/subject/ethical-fashion-retailers/,New Look,75,75
823,https://thegoodshoppingguide.com/subject/sun-protection/,Soltan,50,50
824,https://thegoodshoppingguide.com/subject/ethical-mortgages/,Skipton Building Society,83,83
825,https://thegoodshoppingguide.com/subject/bread/,Greggs,67,67
826,https://thegoodshoppingguide.com/subject/ice-cream/,Oat Supreme,79,79
827,https://thegoodshoppingguide.com/subject/laundry-detergents/,Ariel,36,36
828,https://thegoodshoppingguide.com/subject/ethical-fashion-retailers/,Patagonia,71,71
829,https://thegoodshoppingguide.com/subject/kitchen-appliances/,Moulinex,95,95
830,https://thegoodshoppingguide.com/subject/baby-food/,babynat,79,79
831,https://thegoodshoppingguide.com/subject/chocolate/,Montezuma's,73,73
832,https://thegoodshoppingguide.com/subject/make-up/,Nars,50,50
833,https://thegoodshoppingguide.com/subject/all-in-ones/,HP,32,32
834,https://thegoodshoppingguide.com/subject/coffee/,Sainsbury's,75,75
835,https://thegoodshoppingguide.com/subject/pasta-pulse-and-rices/,Napolina,25,25
836,https://thegoodshoppingguide.com/subject/supermarkets/,Lidl,64,64
837,https://thegoodshoppingguide.com/subject/fridges-freezers/,GE,59,59
838,https://thegoodshoppingguide.com/subject/pcs-laptops-and-tablets/,Sony,54,54
839,https://thegoodshoppingguide.com/subject/paint/,Nutshell,94,94
840,https://thegoodshoppingguide.com/subject/televisions/,Bang & Olufsen,82,82
841,https://thegoodshoppingguide.com/subject/tinned-tuna/,Aldi,46,46
842,https://thegoodshoppingguide.com/subject/laundry-detergents/,Fairy,36,36
843,https://thegoodshoppingguide.com/subject/sugar/,Suma,85,85
844,https://thegoodshoppingguide.com/subject/supermarkets/,Sainsbury's,71,71
845,https://thegoodshoppingguide.com/subject/coffee-shops/,Muffin Break,58,58
846,https://thegoodshoppingguide.com/subject/fridges-freezers/,Stoves,82,82
847,https://thegoodshoppingguide.com/subject/electricity-suppliers/,Good Energy*,95,95
848,https://thegoodshoppingguide.com/subject/ethical-cleaners/,Stardrops,59,59
849,https://thegoodshoppingguide.com/subject/beer-lager-and-cider/,Merrydown,62,62
850,https://thegoodshoppingguide.com/subject/crisps/,Seabrook,62,62
851,https://thegoodshoppingguide.com/subject/dishwashers/,Maytag,68,68
852,https://thegoodshoppingguide.com/subject/soft-drinks/,Smoothiepack,70,70
853,https://thegoodshoppingguide.com/subject/sugar/,Traidcraft,93,93
854,https://thegoodshoppingguide.com/subject/crisps/,Brannigans,46,46
855,https://thegoodshoppingguide.com/subject/sun-protection/,The Body Shop,81,81
856,https://thegoodshoppingguide.com/subject/vaccum-cleaners/,Morphy Richards,86,86
857,https://thegoodshoppingguide.com/subject/vegetarian-foods/,Quorn,75,75
858,https://thegoodshoppingguide.com/subject/shampoo-conditioner/,Suma,88,88
859,https://thegoodshoppingguide.com/subject/ethical-banks-building-societies%e2%80%8d%e2%80%8d%e2%80%8d/,The Co-operative Bank,83,83
860,https://thegoodshoppingguide.com/subject/fridges-freezers/,Samsung,27,27
861,https://thegoodshoppingguide.com/subject/ethical-insurance/,KwikFit Insurance Services,72,72
862,https://thegoodshoppingguide.com/subject/vegetarian-foods/,Moving Mountains,79,79
863,https://thegoodshoppingguide.com/subject/skincare/,incognito,92,92
864,https://thegoodshoppingguide.com/subject/cookers/,GE,59,59
865,https://thegoodshoppingguide.com/subject/jam-and-spreads/,Bionova,79,79
866,https://thegoodshoppingguide.com/subject/all-in-ones/,Kyocera Mita,95,95
867,https://thegoodshoppingguide.com/subject/ethical-furniture%e2%80%8d%e2%80%8d%e2%80%8d/,John Lewis,68,68
868,https://thegoodshoppingguide.com/subject/bread/,Nimble,71,71
869,https://thegoodshoppingguide.com/subject/vegetarian-foods/,Granose,71,71
870,https://thegoodshoppingguide.com/subject/ethical-banks-building-societies%e2%80%8d%e2%80%8d%e2%80%8d/,thinkmoney,61,61
871,https://thegoodshoppingguide.com/subject/crisps/,Cape Cod,62,62
872,https://thegoodshoppingguide.com/subject/washing-up-liquid/,Faith in Nature,95,95
873,https://thegoodshoppingguide.com/subject/cat-dog-food/,Pets Deli,82,82
874,https://thegoodshoppingguide.com/subject/cat-dog-food/,V-Dog,100,100
875,https://thegoodshoppingguide.com/subject/ethical-banks-building-societies%e2%80%8d%e2%80%8d%e2%80%8d/,Charity Bank,100,100
876,https://thegoodshoppingguide.com/subject/ethical-banks-building-societies%e2%80%8d%e2%80%8d%e2%80%8d/,HSBC,22,22
877,https://thegoodshoppingguide.com/subject/jam-and-spreads/,The Herb Stall,79,79
878,https://thegoodshoppingguide.com/subject/vaccum-cleaners/,AEG,77,77
879,https://thegoodshoppingguide.com/subject/crisps/,Stour Valley,62,62
880,https://thegoodshoppingguide.com/subject/ethical-cleaners/,Ecozone,95,95
881,https://thegoodshoppingguide.com/subject/pain-remedies/,Veganin,65,65
882,https://thegoodshoppingguide.com/subject/pcs-laptops-and-tablets/,Dell,71,71
883,https://thegoodshoppingguide.com/subject/fridges-freezers/,Candy,91,91
884,https://thegoodshoppingguide.com/subject/make-up/,Rimmel,42,42
885,https://thegoodshoppingguide.com/subject/nappies/,Huggies Pull-Ups/Little Swimmers/DryNites,58,58
886,https://thegoodshoppingguide.com/subject/pain-remedies/,Neal's Yard,100,100
887,https://thegoodshoppingguide.com/subject/kettles/,Salton,77,77
888,https://thegoodshoppingguide.com/subject/electricity-suppliers/,EDF Energy,45,45
889,https://thegoodshoppingguide.com/subject/pcs-laptops-and-tablets/,Tranquil PC,75,75
890,https://thegoodshoppingguide.com/subject/fridges-freezers/,Prima,86,86
891,https://thegoodshoppingguide.com/subject/washing-up-liquid/,Bio D,95,95
892,https://thegoodshoppingguide.com/subject/chocolate/,Guylian,42,42
893,https://thegoodshoppingguide.com/subject/skincare/,Oy!,100,100
894,https://thegoodshoppingguide.com/subject/printers/,Olivetti,91,91
895,https://thegoodshoppingguide.com/subject/soup/,Heinz,54,54
896,https://thegoodshoppingguide.com/subject/coffee/,Marks & Spencer,79,79
897,https://thegoodshoppingguide.com/subject/bread/,Vogels,67,67
898,https://thegoodshoppingguide.com/subject/ethical-fashion-retailers/,Coast,50,50
899,https://thegoodshoppingguide.com/subject/shampoo-conditioner/,Fushi,100,100
900,https://thegoodshoppingguide.com/subject/ethical-furniture%e2%80%8d%e2%80%8d%e2%80%8d/,Heal's,32,32
901,https://thegoodshoppingguide.com/subject/shampoo-conditioner/,Jackson & Willow,92,92
902,https://thegoodshoppingguide.com/subject/ethical-insurance/,Admiral,66,66
903,https://thegoodshoppingguide.com/subject/beer-lager-and-cider/,Budweiser,50,50
904,https://thegoodshoppingguide.com/subject/ethical-cold-remedies/,Cold-Eeze,50,50
905,https://thegoodshoppingguide.com/subject/ethical-mortgages/,AIB,72,72
906,https://thegoodshoppingguide.com/subject/shoes-trainers/,Mizuno,65,65
907,https://thegoodshoppingguide.com/subject/vaccum-cleaners/,Rowenta,86,86
908,https://thegoodshoppingguide.com/subject/cat-dog-food/,Royal Canin,32,32
909,https://thegoodshoppingguide.com/subject/ethical-insurance/,Direct Line,55,55
910,https://thegoodshoppingguide.com/subject/coffee/,Taylors of Harrogate,88,88
911,https://thegoodshoppingguide.com/subject/dishwashers/,Belling,82,82
912,https://thegoodshoppingguide.com/subject/ethical-fashion-retailers/,ASOS,75,75
913,https://thegoodshoppingguide.com/subject/ethical-feminine-care/,TOTM,100,100
914,https://thegoodshoppingguide.com/subject/boilers/,Keston Boilers,86,86
915,https://thegoodshoppingguide.com/subject/make-up/,PHB Ethical Beauty,92,92
916,https://thegoodshoppingguide.com/subject/shampoo-conditioner/,Schwarzkofp,38,38
917,https://thegoodshoppingguide.com/subject/mobile-phones/,Honor,63,63
918,https://thegoodshoppingguide.com/subject/shoes-trainers/,Vegetarian Shoes,77,77
919,https://thegoodshoppingguide.com/subject/ethical-vitamins/,Boots,46,46
920,https://thegoodshoppingguide.com/subject/ethical-fashion-retailers/,Whistles,82,82
921,https://thegoodshoppingguide.com/subject/televisions/,Ferguson,73,73
922,https://thegoodshoppingguide.com/subject/ethical-mortgages/,Lloyds Bank,33,33
923,https://thegoodshoppingguide.com/subject/soft-drinks/,Ribena,31,31
924,https://thegoodshoppingguide.com/subject/pcs-laptops-and-tablets/,Broadleaf,79,79
925,https://thegoodshoppingguide.com/subject/bananas/,Fyffes,83,83
926,https://thegoodshoppingguide.com/subject/cat-dog-food/,Yarrah,95,95
927,https://thegoodshoppingguide.com/subject/skincare/,The Body Shop,81,81
928,https://thegoodshoppingguide.com/subject/make-up/,No7,42,42
929,https://thegoodshoppingguide.com/subject/shampoo-conditioner/,The Body Shop,81,81
930,https://thegoodshoppingguide.com/subject/chocolate/,Lindt,50,50
931,https://thegoodshoppingguide.com/subject/soup/,Suma,96,96
932,https://thegoodshoppingguide.com/subject/jam-and-spreads/,Frank Cooper,71,71
933,https://thegoodshoppingguide.com/subject/dishwashers/,Bosch,73,73
934,https://thegoodshoppingguide.com/subject/ethical-flower-delivery-companies/,eFlorist,80,80
935,https://thegoodshoppingguide.com/subject/ethical-insurance/,Churchill,55,55
936,https://thegoodshoppingguide.com/subject/ethical-fashion-retailers/,Warehouse,50,50
937,https://thegoodshoppingguide.com/subject/skincare/,L'Oreal,42,42
938,https://thegoodshoppingguide.com/subject/nappies/,Bambino Mio (washable),79,79
939,https://thegoodshoppingguide.com/subject/biscuits/,KitKat,46,46
940,https://thegoodshoppingguide.com/subject/paint/,Leyland,33,33
941,https://thegoodshoppingguide.com/subject/washing-up-liquid/,Method,36,36
942,https://thegoodshoppingguide.com/subject/jam-and-spreads/,Stute,62,62
943,https://thegoodshoppingguide.com/subject/ethical-cleaners/,Astonish,68,68
944,https://thegoodshoppingguide.com/subject/laundry-detergents/,Faith in Nature,95,95
945,https://thegoodshoppingguide.com/subject/mobile-networks/,Vodafone,65,65
946,https://thegoodshoppingguide.com/subject/dishwashers/,LG,55,55
947,https://thegoodshoppingguide.com/subject/ethical-flower-delivery-companies/,Serenata Flowers,80,80
948,https://thegoodshoppingguide.com/subject/breakfast-cereal/,Shredded Wheat,46,46
949,https://thegoodshoppingguide.com/subject/ethical-insurance/,Legal & General,61,61
950,https://thegoodshoppingguide.com/subject/bread/,Allinson,54,54
951,https://thegoodshoppingguide.com/subject/yoghurt/,Sojasun,71,71
952,https://thegoodshoppingguide.com/subject/cooking-oil/,Flora,54,54
953,https://thegoodshoppingguide.com/subject/fridges-freezers/,Gaggenau,73,73
954,https://thegoodshoppingguide.com/subject/shoes-trainers/,Rocket Dog,61,61
955,https://thegoodshoppingguide.com/subject/make-up/,Green People,100,100
956,https://thegoodshoppingguide.com/subject/shoes-trainers/,Bourgeois Boheme,77,77
957,https://thegoodshoppingguide.com/subject/crisps/,Highlander Snacks,62,62
958,https://thegoodshoppingguide.com/subject/cookers/,Candy,91,91
959,https://thegoodshoppingguide.com/subject/shoes-trainers/,Converse,35,35
960,https://thegoodshoppingguide.com/subject/televisions/,Goodmans,77,77
961,https://thegoodshoppingguide.com/subject/laundry-detergents/,Method,36,36
962,https://thegoodshoppingguide.com/subject/supermarkets/,Marks & Spencer,71,71
963,https://thegoodshoppingguide.com/subject/yoghurt/,Onken,58,58
964,https://thegoodshoppingguide.com/subject/boilers/,EcoMax,91,91
965,https://thegoodshoppingguide.com/subject/chocolate/,M&M's,42,42
966,https://thegoodshoppingguide.com/subject/fridges-freezers/,Indesit,68,68
967,https://thegoodshoppingguide.com/subject/paint/,Earthborn,94,94
968,https://thegoodshoppingguide.com/subject/kettles/,Pifco,77,77
969,https://thegoodshoppingguide.com/subject/ethical-cold-remedies/,Day Nurse,27,27
970,https://thegoodshoppingguide.com/subject/soap/,Nivea,58,58
971,https://thegoodshoppingguide.com/subject/ethical-fashion-retailers/,Topman,50,50
972,https://thegoodshoppingguide.com/subject/baby-food/,Milupa,50,50
973,https://thegoodshoppingguide.com/subject/cat-dog-food/,Pascoe's,73,73
974,https://thegoodshoppingguide.com/subject/coffee/,Lavazza,63,63
975,https://thegoodshoppingguide.com/subject/tea/,Morrison's,67,67
976,https://thegoodshoppingguide.com/subject/soap/,Honesty,92,92
977,https://thegoodshoppingguide.com/subject/cat-dog-food/,KooKut,82,82
978,https://thegoodshoppingguide.com/subject/ethical-dog-food/,Pooch & Mutt,82,82
979,https://thegoodshoppingguide.com/subject/bread/,Sunblest,54,54
980,https://thegoodshoppingguide.com/subject/skincare/,Garnier,42,42
981,https://thegoodshoppingguide.com/subject/paint/,Dulux,33,33
982,https://thegoodshoppingguide.com/subject/shoes-trainers/,Ethletic,92,92
983,https://thegoodshoppingguide.com/subject/soap/,Lush,92,92
984,https://thegoodshoppingguide.com/subject/ethical-furniture%e2%80%8d%e2%80%8d%e2%80%8d/,House of Fraser,54,54
985,https://thegoodshoppingguide.com/subject/ethical-cold-remedies/,Benylin 4 Flu,42,42
986,https://thegoodshoppingguide.com/subject/tinned-tuna/,Asda,46,46
987,https://thegoodshoppingguide.com/subject/ethical-furniture%e2%80%8d%e2%80%8d%e2%80%8d/,IKEA,59,59
988,https://thegoodshoppingguide.com/subject/printers/,HP,32,32
989,https://thegoodshoppingguide.com/subject/margarine/,GranoVita,62,62
990,https://thegoodshoppingguide.com/subject/ethical-flower-delivery-companies/,Appleyard Flowers,70,70
991,https://thegoodshoppingguide.com/subject/coffee-shops/,Puccino's,61,61
992,https://thegoodshoppingguide.com/subject/vegetarian-foods/,Gardein,50,50
993,https://thegoodshoppingguide.com/subject/ethical-toothpaste/,Dabur,65,65
994,https://thegoodshoppingguide.com/subject/tv-and-broadband/,Sky,75,75
995,https://thegoodshoppingguide.com/subject/ethical-feminine-care/,The Diva Cup,83,83
996,https://thegoodshoppingguide.com/subject/ethical-cold-remedies/,Olbas Oil,65,65
997,https://thegoodshoppingguide.com/subject/tv-and-broadband/,TalkTalk,95,95
998,https://thegoodshoppingguide.com/subject/cookers/,Indesit,68,68
999,https://thegoodshoppingguide.com/subject/cat-dog-food/,Scrumbles,91,91
1000,https://thegoodshoppingguide.com/subject/kitchen-appliances/,Gaggenau,73,73
1001,https://thegoodshoppingguide.com/subject/ethical-banks-building-societies%e2%80%8d%e2%80%8d%e2%80%8d/,TSB Bank,66,66
1002,https://thegoodshoppingguide.com/subject/washing-machines/,Baumatic,91,91
1003,https://thegoodshoppingguide.com/subject/shoes-trainers/,Merrell,61,61
1004,https://thegoodshoppingguide.com/subject/ethical-banks-building-societies%e2%80%8d%e2%80%8d%e2%80%8d/,N26,61,61
1005,https://thegoodshoppingguide.com/subject/yoghurt/,Muller,50,50
1006,https://thegoodshoppingguide.com/subject/ethical-feminine-care/,Carefree,33,33
1007,https://thegoodshoppingguide.com/subject/dishwashers/,Whirlpool,68,68
1008,https://thegoodshoppingguide.com/subject/tea/,Tetley,46,46
1009,https://thegoodshoppingguide.com/subject/vaccum-cleaners/,Medivac,86,86
1010,https://thegoodshoppingguide.com/subject/coffee/,Tesco,50,50
1011,https://thegoodshoppingguide.com/subject/pcs-laptops-and-tablets/,HP,46,46
1012,https://thegoodshoppingguide.com/subject/ice-cream/,Yeo Valley,79,79
1013,https://thegoodshoppingguide.com/subject/cat-dog-food/,Burns,91,91
1014,https://thegoodshoppingguide.com/subject/ethical-furniture%e2%80%8d%e2%80%8d%e2%80%8d/,Bensons For Beds,82,82
1015,https://thegoodshoppingguide.com/subject/kitchen-appliances/,Philips,77,77
1016,https://thegoodshoppingguide.com/subject/chocolate/,Galaxy,42,42
1017,https://thegoodshoppingguide.com/subject/electricity-suppliers/,SSE Airtricity (NI),70,70
1018,https://thegoodshoppingguide.com/subject/tv-and-broadband/,TenTel,85,85
1019,https://thegoodshoppingguide.com/subject/electricity-suppliers/,Sainsbury's Energy from British Gas,50,50
1020,https://thegoodshoppingguide.com/subject/breakfast-cereal/,Jordans,75,75
1021,https://thegoodshoppingguide.com/subject/pcs-laptops-and-tablets/,Apple,50,50
1022,https://thegoodshoppingguide.com/subject/skincare/,TanOrganic,100,100
1023,https://thegoodshoppingguide.com/subject/bottled-water/,One Water,100,100
1024,https://thegoodshoppingguide.com/subject/supermarkets/,Budgens,68,68
1025,https://thegoodshoppingguide.com/subject/printers/,Canon,50,50
1026,https://thegoodshoppingguide.com/subject/vaccum-cleaners/,Panasonic,64,64
1027,https://thegoodshoppingguide.com/subject/pasta-pulse-and-rices/,Barilla,79,79
1028,https://thegoodshoppingguide.com/subject/chocolate/,Snickers,42,42
1029,https://thegoodshoppingguide.com/subject/fridges-freezers/,LG,55,55
1030,https://thegoodshoppingguide.com/subject/televisions/,Sharp,91,91
1031,https://thegoodshoppingguide.com/subject/kettles/,De'Longhi,77,77
1032,https://thegoodshoppingguide.com/subject/mobile-phones/,Samsung,50,50
1033,https://thegoodshoppingguide.com/subject/ethical-fashion-retailers/,Matalan,43,43
1034,https://thegoodshoppingguide.com/subject/ethical-toothpaste/,Nelson,69,69
1035,https://thegoodshoppingguide.com/subject/shampoo-conditioner/,Garnier Ultimate Blends,42,42
1036,https://thegoodshoppingguide.com/subject/dishwashers/,Prima,86,86
1037,https://thegoodshoppingguide.com/subject/sun-protection/,Lavera,96,96
1038,https://thegoodshoppingguide.com/subject/washing-up-liquid/,EcoLeaf (Suma),95,95
1039,https://thegoodshoppingguide.com/subject/coffee-shops/,AMT Coffee,65,65
1040,https://thegoodshoppingguide.com/subject/electricity-suppliers/,Green Electricity* by Ecotricity,85,85
1041,https://thegoodshoppingguide.com/subject/skincare/,REN,35,35
1042,https://thegoodshoppingguide.com/subject/bananas/,Marks & Spencer,71,71
1043,https://thegoodshoppingguide.com/subject/boilers/,Ideal Boilers,55,55
1044,https://thegoodshoppingguide.com/subject/ethical-insurance/,Ecclesiastical,72,72
1045,https://thegoodshoppingguide.com/subject/soap/,PHB Ethical Beauty,92,92
1046,https://thegoodshoppingguide.com/subject/make-up/,Benefit,46,46
1047,https://thegoodshoppingguide.com/subject/washing-machines/,Indesit,68,68
1048,https://thegoodshoppingguide.com/subject/bottled-water/,Deeside Mineral Water,80,80
1049,https://thegoodshoppingguide.com/subject/soap/,Caurnie Soap,85,85
1050,https://thegoodshoppingguide.com/subject/laundry-detergents/,Living Naturally,100,100
1051,https://thegoodshoppingguide.com/subject/cookers/,Hotpoint,68,68
1052,https://thegoodshoppingguide.com/subject/skincare/,E45,50,50
1053,https://thegoodshoppingguide.com/subject/shampoo-conditioner/,Alberto Balsam,35,35
1054,https://thegoodshoppingguide.com/subject/ethical-mortgages/,The Co-operative Bank,83,83
1055,https://thegoodshoppingguide.com/subject/make-up/,Lavera,88,88
1056,https://thegoodshoppingguide.com/subject/biscuits/,Walkers,79,79
1057,https://thegoodshoppingguide.com/subject/kettles/,Bosch,64,64
1058,https://thegoodshoppingguide.com/subject/kettles/,Hinari,77,77
1059,https://thegoodshoppingguide.com/subject/breakfast-cereal/,Kashi,58,58
1060,https://thegoodshoppingguide.com/subject/nappies/,Beaming Baby,87,87
1061,https://thegoodshoppingguide.com/subject/fridges-freezers/,Hotpoint,68,68
1062,https://thegoodshoppingguide.com/subject/ethical-fashion-retailers/,Primark,47,47
1063,https://thegoodshoppingguide.com/subject/nappies/,Charlie Banana (washable),79,79
1064,https://thegoodshoppingguide.com/subject/coffee/,illy,67,67
1065,https://thegoodshoppingguide.com/subject/ethical-insurance/,Grove & Dean,61,61
1066,https://thegoodshoppingguide.com/subject/ethical-toothpaste/,Sarakan,69,69
1067,https://thegoodshoppingguide.com/subject/soap/,Crabtree & Evelyn,58,58
1068,https://thegoodshoppingguide.com/subject/pcs-laptops-and-tablets/,Aleutia,79,79
1069,https://thegoodshoppingguide.com/subject/cat-dog-food/,Go Cat,50,50
1070,https://thegoodshoppingguide.com/subject/ethical-insurance/,ETA,89,89
1071,https://thegoodshoppingguide.com/subject/beer-lager-and-cider/,Heineken,54,54
1072,https://thegoodshoppingguide.com/subject/laundry-detergents/,Ecover,36,36
1073,https://thegoodshoppingguide.com/subject/bottled-water/,Harrogate Spring Water,85,85
1074,https://thegoodshoppingguide.com/subject/skincare/,Clean & Clear,35,35
1075,https://thegoodshoppingguide.com/subject/soft-drinks/,Britvic,75,75
1076,https://thegoodshoppingguide.com/subject/ethical-vitamins/,Sanatogen,29,29
1077,https://thegoodshoppingguide.com/subject/paint/,Crown,83,83
1078,https://thegoodshoppingguide.com/subject/boilers/,GLOW Worm,91,91
1079,https://thegoodshoppingguide.com/subject/coffee-shops/,Coffee#1,58,58
1080,https://thegoodshoppingguide.com/subject/coffee/,Morrison's,67,67
1081,https://thegoodshoppingguide.com/subject/beer-lager-and-cider/,Holsten Pils,58,58
1082,https://thegoodshoppingguide.com/subject/bananas/,Chiquita,67,67
1083,https://thegoodshoppingguide.com/subject/tea/,PG Tips,46,46
1084,https://thegoodshoppingguide.com/subject/coffee/,Nescafe,54,54
1085,https://thegoodshoppingguide.com/subject/baby-food/,Cow & Gate,50,50
1086,https://thegoodshoppingguide.com/subject/make-up/,Lancôme,46,46
1087,https://thegoodshoppingguide.com/subject/shoes-trainers/,Faith,69,69
1088,https://thegoodshoppingguide.com/subject/shoes-trainers/,Ugg,77,77
1089,https://thegoodshoppingguide.com/subject/ethical-banks-building-societies%e2%80%8d%e2%80%8d%e2%80%8d/,Citibank,33,33
1090,https://thegoodshoppingguide.com/subject/make-up/,Neal's Yard Remedies,100,100
1091,https://thegoodshoppingguide.com/subject/ethical-fashion-retailers/,Crew Clothing,50,50
1092,https://thegoodshoppingguide.com/subject/televisions/,Toshiba,50,50
1093,https://thegoodshoppingguide.com/subject/kettles/,Russell Hobbs,77,77
1094,https://thegoodshoppingguide.com/subject/dishwashers/,GE,59,59
1095,https://thegoodshoppingguide.com/subject/shoes-trainers/,Po-Zu,92,92
1096,https://thegoodshoppingguide.com/subject/ethical-toothpaste/,Weleda,81,81
1097,https://thegoodshoppingguide.com/subject/soap/,Dr Bronner's Pure Castile,96,96
1098,https://thegoodshoppingguide.com/subject/sugar/,Waitrose,64,64
1099,https://thegoodshoppingguide.com/subject/chocolate/,Terry's Chocolate Orange,42,42
1100,https://thegoodshoppingguide.com/subject/kettles/,Breville,77,77
1101,https://thegoodshoppingguide.com/subject/cookers/,Servis,91,91
1102,https://thegoodshoppingguide.com/subject/nappies/,GroVia Cloth (washable),87,87
1103,https://thegoodshoppingguide.com/subject/boilers/,Gas 210 ECO,86,86
1104,https://thegoodshoppingguide.com/subject/bread/,William Jackson,62,62
1105,https://thegoodshoppingguide.com/subject/biscuits/,Ritz,25,25
1106,https://thegoodshoppingguide.com/subject/ethical-vitamins/,Viridian,100,100
1107,https://thegoodshoppingguide.com/subject/cooking-oil/,Suma,96,96
1108,https://thegoodshoppingguide.com/subject/coffee/,Cafédirect,96,96
1109,https://thegoodshoppingguide.com/subject/cat-dog-food/,Encore,77,77
1110,https://thegoodshoppingguide.com/subject/tinned-tuna/,Tesco,46,46
1111,https://thegoodshoppingguide.com/subject/vaccum-cleaners/,Philips,73,73
1112,https://thegoodshoppingguide.com/subject/shampoo-conditioner/,L'Occitane,73,73
1113,https://thegoodshoppingguide.com/subject/shampoo-conditioner/,Herbal Essences,42,42
1114,https://thegoodshoppingguide.com/subject/televisions/,Sanyo,64,64
1115,https://thegoodshoppingguide.com/subject/dishwashers/,New World,82,82
1116,https://thegoodshoppingguide.com/subject/shoes-trainers/,Fila,69,69
1117,https://thegoodshoppingguide.com/subject/televisions/,Casio,68,68
1118,https://thegoodshoppingguide.com/subject/ethical-cold-remedies/,Aspar,65,65
1119,https://thegoodshoppingguide.com/subject/make-up/,Maybelline,46,46
1120,https://thegoodshoppingguide.com/subject/cat-dog-food/,Bakers,50,50
1121,https://thegoodshoppingguide.com/subject/skincare/,Dr. Hauschka,85,85
1122,https://thegoodshoppingguide.com/subject/jam-and-spreads/,Duerr's,71,71
1123,https://thegoodshoppingguide.com/subject/fridges-freezers/,Electrolux,95,95
1124,https://thegoodshoppingguide.com/subject/washing-machines/,Prima,86,86
1125,https://thegoodshoppingguide.com/subject/make-up/,L'Oreal,42,42
1126,https://thegoodshoppingguide.com/subject/make-up/,Odylique,92,92
1127,https://thegoodshoppingguide.com/subject/ethical-cleaners/,Cif,36,36
1128,https://thegoodshoppingguide.com/subject/bottled-water/,Perrier,45,45
1129,https://thegoodshoppingguide.com/subject/fridges-freezers/,Miele,86,86
1130,https://thegoodshoppingguide.com/subject/soft-drinks/,Libby's,79,79
1131,https://thegoodshoppingguide.com/subject/beer-lager-and-cider/,Stella Artois,58,58
1132,https://thegoodshoppingguide.com/subject/chocolate/,Malteasers,42,42
1133,https://thegoodshoppingguide.com/subject/tea/,Ridgways,83,83
1134,https://thegoodshoppingguide.com/subject/cat-dog-food/,Edgard & Cooper,91,91
1135,https://thegoodshoppingguide.com/subject/kitchen-appliances/,De'Longhi,91,91
1136,https://thegoodshoppingguide.com/subject/laundry-detergents/,Attitude,77,77
1137,https://thegoodshoppingguide.com/subject/skincare/,Lush,92,92
1138,https://thegoodshoppingguide.com/subject/pain-remedies/,Disprin,42,42
1139,https://thegoodshoppingguide.com/subject/dishwashers/,Indesit,68,68
1140,https://thegoodshoppingguide.com/subject/cat-dog-food/,Eukanuba,54,54
1141,https://thegoodshoppingguide.com/subject/supermarkets/,The Co-operative Food,64,64
1142,https://thegoodshoppingguide.com/subject/butter/,Utterly Butterly,58,58
1143,https://thegoodshoppingguide.com/subject/jam-and-spreads/,Hartley's,71,71
1144,https://thegoodshoppingguide.com/subject/yoghurt/,Rachel's Dairy,62,62
1145,https://thegoodshoppingguide.com/subject/tea/,The Co-operative,83,83
1146,https://thegoodshoppingguide.com/subject/washing-machines/,Servis,91,91
1147,https://thegoodshoppingguide.com/subject/bottled-water/,Volvic,45,45
1148,https://thegoodshoppingguide.com/subject/cookers/,Stoves,82,82
1149,https://thegoodshoppingguide.com/subject/pasta-pulse-and-rices/,Uncle Bens,46,46
1150,https://thegoodshoppingguide.com/subject/pain-remedies/,Superdrug,46,46
1151,https://thegoodshoppingguide.com/subject/skincare/,Bulldog,66,66
1152,https://thegoodshoppingguide.com/subject/cat-dog-food/,Goood (Germany),91,91
1153,https://thegoodshoppingguide.com/subject/laundry-detergents/,Persil,36,36
1154,https://thegoodshoppingguide.com/subject/washing-machines/,Bosch,73,73
1155,https://thegoodshoppingguide.com/subject/all-in-ones/,Canon,50,50
1156,https://thegoodshoppingguide.com/subject/kitchen-appliances/,Baumatic,91,91
1157,https://thegoodshoppingguide.com/subject/kettles/,Rowenta,86,86
1158,https://thegoodshoppingguide.com/subject/bottled-water/,Hildon,85,85
1159,https://thegoodshoppingguide.com/subject/televisions/,Panasonic,64,64
1160,https://thegoodshoppingguide.com/subject/biscuits/,Traidcraft,87,87
1161,https://thegoodshoppingguide.com/subject/dishwashers/,Baumatic,91,91
1162,https://thegoodshoppingguide.com/subject/sun-protection/,Cabana,88,88
1163,https://thegoodshoppingguide.com/subject/ethical-banks-building-societies%e2%80%8d%e2%80%8d%e2%80%8d/,Yorkshire Building Society,83,83
1164,https://thegoodshoppingguide.com/subject/washing-machines/,New World,82,82
1165,https://thegoodshoppingguide.com/subject/ethical-cold-remedies/,Clear Breathe,73,73
1166,https://thegoodshoppingguide.com/subject/breakfast-cereal/,Weetabix,62,62
1167,https://thegoodshoppingguide.com/subject/ethical-cleaners/,Suma,95,95
1168,https://thegoodshoppingguide.com/subject/boilers/,Eclipse ESS,86,86
1169,https://thegoodshoppingguide.com/subject/pcs-laptops-and-tablets/,Huawei,58,58
1170,https://thegoodshoppingguide.com/subject/ethical-insurance/,Bupa,66,66
1171,https://thegoodshoppingguide.com/subject/cookers/,Zanussi,95,95
1172,https://thegoodshoppingguide.com/subject/pain-remedies/,Solpadeine,27,27
1173,https://thegoodshoppingguide.com/subject/ice-cream/,Cream O'Galloway,87,87
1174,https://thegoodshoppingguide.com/subject/cat-dog-food/,Celtic Connection,100,100
1175,https://thegoodshoppingguide.com/subject/pasta-pulse-and-rices/,JustIngredients,92,92
1176,https://thegoodshoppingguide.com/subject/ethical-mortgages/,Halifax,33,33
1177,https://thegoodshoppingguide.com/subject/printers/,Brother,95,95
1178,https://thegoodshoppingguide.com/subject/coffee/,Kenco,38,38
1179,https://thegoodshoppingguide.com/subject/bananas/,Del Monte,58,58
1180,https://thegoodshoppingguide.com/subject/vegetarian-foods/,GranoVita,79,79
1181,https://thegoodshoppingguide.com/subject/kitchen-appliances/,Hoover,91,91
1182,https://thegoodshoppingguide.com/subject/ethical-flower-delivery-companies/,Interflora,55,55
1183,https://thegoodshoppingguide.com/subject/bananas/,Sainsbury's,75,75
1184,https://thegoodshoppingguide.com/subject/soft-drinks/,Innocent,57,57
1185,https://thegoodshoppingguide.com/subject/margarine/,Benecol,38,38
1186,https://thegoodshoppingguide.com/subject/ethical-furniture%e2%80%8d%e2%80%8d%e2%80%8d/,Furniture Village,77,77
1187,https://thegoodshoppingguide.com/subject/laundry-detergents/,Bold,36,36
1188,https://thegoodshoppingguide.com/subject/ethical-insurance/,The Co-operative Insurance,83,83
1189,https://thegoodshoppingguide.com/subject/washing-up-liquid/,Morning Fresh,45,45
1190,https://thegoodshoppingguide.com/subject/ethical-vitamins/,Redoxon,29,29
1191,https://thegoodshoppingguide.com/subject/dishwashers/,Hotpoint,68,68
1192,https://thegoodshoppingguide.com/subject/shampoo-conditioner/,Sunsilk,35,35
