Date,Description,ISIN,Industry,Rating Type,Rating to,Outlook,Rating From,Outlook2,
02 July 2020,LafargeHolcim,CH0012214059,Construction Materials,Corporate Rating,E,Stable,E+,Stable,
01 July 2020,Fresenius SE & Co.,DE0005785604,Health Care Facilities & Svcs,Corporate Rating,E+,Stable,E+,Stable,
30 June 2020,FinecoBank,IT0000072170,Banking,Corporate Rating,EE+,Stable,EE,Stable,
26 June 2020,UBI Banca,IT0003487029,Banking,Corporate Rating,Suspended,,EE,Negative,
24 June 2020,Adecco Group,CH0012138605,Commercial Services,Corporate Rating,EEE-,Positive,EEE-,Stable,
23 June 2020,Wirecard,DE0007472060,Specialty Finance,Corporate Rating,Suspended,,EE-,Stable,
22 June 2020,MVV Energie ,DE000A0H52F5,Utilities,Corporate Rating,EE-,Positive,,,
19 June 2020,EnBW Energie Baden-Wurttemberg ,DE0005220008,Utilities,Corporate Rating,E,Stable,,,
18 June 2020,Neoen,FR0011675362,Utilities,Corporate Rating,E+,Stable,,,
18 June 2020,Credito Emiliano,IT0003121677,Banking,Corporate Rating,E,Stable,E-,Stable,
17 June 2020,ERG,IT0001157020,Utilities,Corporate Rating,E+,Stable,,,
17 June 2020,Ferrovial,ES0118900010,Engineering & Construction Svcs,Corporate Rating,EE-,Stable,EE-,Stable,
11 June 2020,Iren,IT0003027817,Utilities,Corporate Rating,E+,Stable,,,
10 June 2020,Suez,FR0010613471,Utilities,Corporate Rating,EE-,Stable,,,
08 June 2020,BKW,CH0130293662,Utilities,Corporate Rating,E+,Positive,,,
05 June 2020,EVN,AT0000741053,Utilities,Corporate Rating,EE-,Positive,,,
04 June 2020,Elia Group,BE0003822393,Utilities,Corporate Rating,EE-,Stable,EE,Stable,
04 June 2020,EDP Renovaveis,ES0127797019,Utilities,Corporate Rating,E+,Positive,,,
28 May 2020,Groupe Bruxelles Lambert,BE0003797140,Asset Management,Corporate Rating,E,Negative ,E,Stable,
27 May 2020,AXA,FR0000120628,Insurance,Corporate Rating,EE,Stable,EE,Stable,
25 May 2020,CEZ,CZ0005112300,Utilities,Corporate Rating,E,Stable,,,
21 May 2020,Verbund ,AT0000746409,Utilities,Corporate Rating,EE,Stable,,,
21 May 2020,Campari,IT0005252207,Consumer Products,Corporate Rating,E,Stable,E+,Stable,
20 May 2020,Linde Plc,IE00BZ12WP82,Chemicals,Corporate Rating,EE,Stable,EE,Stable,
14 May 2020,Pennon Group,GB00B18V8630,Utilities,Corporate Rating,EE+,Stable,,,
14 May 2020,Adyen,NL0012969182,Specialty Finance,Corporate Rating,EE-,Stable,Pending,,
13 May 2020,Hera,IT0001250932,Utilities,Corporate Rating,EE-,Stable,,,
11 May 2020,Acea,IT0001207098,Utilities,Corporate Rating,EE-,Stable,EE-,Stable,
07 May 2020,Bank Pekao ,PLPEKAO00016,Banking,Corporate Rating,E+,Stable,,,
07 May 2020,Intertek Group ,GB0031638363,Commercial Services,Corporate Rating,EEE-,Stable,,,
06 May 2020,AB Volvo,SE0000115446,Transportation Equipment,Corporate Rating,E+,Positive,E+,Positive,
30 April 2020,Uniper,DE000UNSE018,Utilities,Corporate Rating,EE-,Stable,,,
30 April 2020,DiaSorin,IT0003492391,Medical Equipment & Devices,Corporate Rating,EE-,Under Monitoring,EE-,Stable,
29 April 2020,Dow,US2605571031,Chemicals,Corporate Rating,EE-,Stable,,,
27 April 2020,Severn Trent,GB00B1FH8J72,Utilities,Corporate Rating,EE,Stable,,,
23 April 2020,China Unicom (Hong Kong),HK0000049939,Telecom,Corporate Rating,E,Stable,,,
23 April 2020,CaixaBank,ES0140609019,Banking,Corporate Rating,E+,Stable,E+,Stable,
22 April 2020,VINCI,FR0000125486,Engineering & Construction Svcs,Corporate Rating,EE-,Positive,EE-,Stable,
20 April 2020,CSPC Pharmaceutical Group ,HK1093012172,Biotech & Pharma,Corporate Rating,E,Stable,,,
17 April 2020,Techtronic Industries,HK0669013440,Home & Office Products,Corporate Rating,E+,Stable,,,
16 April 2020,United Utilities Group,GB00B39J2M42,Utilities,Corporate Rating,EE,Positive,,,
16 April 2020,Amadeus IT Group,ES0109067019,Technology Services,Corporate Rating,EE,Stable,EE-,Stable,
15 April 2020,Roche Holding,CH0012032048,Biotech & Pharma,Corporate Rating,E+,Stable,E,Stable,
09 April 2020,Sunny Optical Technology Group,KYG8586D1097,Hardware,Corporate Rating,E,Positive,,,
08 April 2020,China Shenhua Energy,CNE1000002R0,Oil, Gas & Coal,Corporate Rating,E-,Stable,,
06 April 2020,Hengan International Group ,KYG4402L1510,Consumer Products,Corporate Rating,E,Stable,,,
02 April 2020,Banco Desio Brianza,IT0001041000,Banking,Corporate Rating,E+,Stable,E,Stable,
30 March 2020,AAC Technologies Holdings,KYG2953R1149,Hardware,Corporate Rating,E+,Stable,,,
26 March 2020,CK Infrastructure Holdings ,BMG2178K1009,Engineering & Construction Svcs,Corporate Rating,E,Stable,,,
26 March 2020,Solvay,BE0003470755,Chemicals,Corporate Rating,EE-,Positive,E+,Stable,
25 March 2020,UniCredit,IT0005239360,Banking,Corporate Rating,EE+,Stable,EE+,Stable,
24 March 2020,Sino Land Company,HK0083000502,Real Estate,Corporate Rating,E,Stable,,,
20 March 2020,Hang Lung Properties ,HK0101000591,Real Estate,Corporate Rating,E,Stable,,,
19 March 2020,AIB Group,IE00BF0L3536,Banking,Corporate Rating,E+,Positive,E+,Stable ,
19 March 2020,Air Liquide,FR0000120073,Chemicals,Corporate Rating,EE+,Stable,EE+,Stable,
18 March 2020,Philips,NL0000009538,Medical Equipment & Devices,Corporate Rating,EE,Positive,EE,Positive,
12 March 2020,Tenaris,LU0156801721,Iron & Steel,Corporate Rating,E,Stable,E+,Stable,
12 March 2020,Nordea Bank,FI4000297767,Banking,Corporate Rating,EE,Stable,EE+,Negative,
11 March 2020,Novartis,CH0012005267,Biotech & Pharma,Corporate Rating,EE-,Negative ,EE-,Stable,
05 March 2020,Henderson Land Development,HK0012000102,Real Estate,Corporate Rating,E,Stable,,,
05 March 2020,Swedbank,SE0000242455,Banking,Corporate Rating,EE,Negative ,EE,Under Monitoring,
04 March 2020,L'Oreal,FR0000120321,Consumer Products,Corporate Rating,E+,Positive,E,Stable,
27 February 2020,Grifols,ES0171996087,Biotech & Pharma,Corporate Rating,E+,Stable,E,Stable,
26 February 2020,CNH Industrial,NL0010545661,Machinery,Corporate Rating,E+,Positive,E+,Positive,
20 February 2020,CITIC Limited,HK0267001375,Banking,Corporate Rating,E,Stable,,,
20 February 2020,Naturgy Energy Group (formerly Gas Natural SDG),ES0116870314,Utilities,Corporate Rating,E+,Stable,EE-,Stable,
19 February 2020,Adidas,DE000A1EWWW0,Apparel & Textile Products,Corporate Rating,EE,Negative ,EE,Warning,
30 January 2020,Sino Biopharmaceutical ,KYG8167W1380,Biotech & Pharma,Corporate Rating,E,Stable,,,
30 January 2020,Continental,DE0005439004,Automotive,Corporate Rating,EE-,Stable,E+,Stable,
29 January 2020,BNP Paribas,FR0000131104,Banking,Corporate Rating,EE+,Under Monitoring,EE+,Stable,
23 January 2020,Capgemini,FR0000125338,Technology Services,Corporate Rating,EEE-,Stable,EEE-,Stable,
22 January 2020,UBS Group,CH0244767585,Banking,Corporate Rating,E+,Negative ,E+,Stable,
16 January 2020,PetroChina,CNE1000003W8,Oil, Gas & Coal,Corporate Rating,E,Stable,,
16 January 2020,Acciona,ES0125220311,Engineering & Construction Svcs,Corporate Rating,EE-,Stable,E+,Stable,
15 January 2020,LVMH,FR0000121014,Apparel & Textile Products,Corporate Rating,E+,Stable,E,Stable,
19 December 2019,Want Want China Holdings,KYG9431R1039,Consumer Products,Corporate Rating,E,Stable,,,
19 December 2019,Geberit,CH0030170408,Home & Office Products,Corporate Rating,EEE-,Stable,EE+,Stable,
18 December 2019,AB Inbev,BE0974293251,Consumer Products,Corporate Rating,E-,Stable,E,Stable,
13 December 2019,Banca Generali,IT0001031084,Banking,Corporate Rating,EE,Stable,EE-,Stable,
12 December 2019,Power Assets Holdings,HK0006000050,Utilities,Corporate Rating,E+,Stable,,,
11 December 2019,Enel,IT0003128367,Utilities,Corporate Rating,EE,Stable,EE+,Stable,
04 December 2019,WH Group ,KYG960071028,Consumer Products,Corporate Rating,E,Stable,,,
04 December 2019,STMicroelectronics,NL0000226223,Semiconductors,Corporate Rating,EE,Stable,EE,Stable,
27 November 2019,ING Groep,NL0011821202,Banking,Corporate Rating,E+,Stable,E+,Positive,
25 November 2019,Banco BPM,IT0005218380,Banking,Corporate Rating,EE-,Positive,EE-,Stable,
21 November 2019,China Mengniu Dairy,KYG210961051,Consumer Products,Corporate Rating,E,Stable,,,
21 November 2019,Terna,IT0003242622,Utilities,Corporate Rating,E+,Stable,E,Stable,
20 November 2019,Dassault Systemes, FR0000130650,Software,Corporate Rating,E+,Stable,,,
14 November 2019,Umicore,BE0974320526,Chemicals,Corporate Rating,EE+,Stable,EE+,Stable,
14 November 2019,Schroders,GB0002405495,Asset Management,Corporate Rating,E+,Stable,,,
13 November 2019,Salvatore Ferragamo,IT0004712375,Apparel & Textile Products,Corporate Rating,E,Positive,E,Stable,
11 November 2019,BPER Banca (formerly Banca Popolare Emilia Romagna),IT0000066123,Banking,Corporate Rating,EE-,Positive,EE-,Stable,
07 November 2019,BHP Group Plc (formerly BHP Billiton),GB00BH0P3Z91,Iron & Steel,Corporate Rating,E,Stable,E,Stable,
07 November 2019,Ence Energia y Celulosa ,ES0130625512,Forest & Paper Products,Corporate Rating,EE-,Stable,,,
06 November 2019,EssilorLuxottica,FR0000121667,Medical Equipment & Devices,Corporate Rating,EE-,Stable,,,
05 November 2019,SIAS,IT0003201198,Transportation Equipment,Corporate Rating,EE-,Stable,,,
05 November 2019,ASTM,IT0000084027,Transportation Equipment,Corporate Rating,EE-,Positive,,,
31 October 2019,Adyen,NL0012969182,Specialty Finance,Corporate Rating,Pending,,,,
31 October 2019,Geely Automobile Holdings,KYG3777B1032,Automotive,Corporate Rating,E,Stable,,,
30 October 2019,Leonardo (formerly Finmeccanica),IT0003856405,Aerospace & Defence,Corporate Rating,EE,Stable,EE-,Positive,
24 October 2019,Verizon Communications,US92343V1044,Telecom,Corporate Rating,EE-,Stable,,,
24 October 2019,PKO Bank Polski,PLPKO0000016,Banking,Corporate Rating,EE-,Stable,,,
23 October 2019,Vivendi,FR0000127771,Media,Corporate Rating,E,Negative,E+,Negative,
10 October 2019,Atlantia,IT0003506190,Engineering & Construction Svcs,Corporate Rating,E-,Stable,E,stable,
26 September 2019,Alcon,CH0432492467,Medical Equipment & Devices,Corporate Rating,Pending,,,,
26 September 2019,Total,FR0000120271,Oil, Gas & Coal,Corporate Rating,EE-,Positive,EE-,Stable
25 September 2019,Pirelli & C.,IT0004623051,Automotive,Corporate Rating,E+,Stable,Removed because Delisted,,
19 September 2019,Warehouses de Pauw (WDP),BE0003763779,Real Estate,Corporate Rating,E+,Stable,,,
19 September 2019,Pfizer,US7170811035,Biotech & Pharma,Corporate Rating,E+,Stable,Pending,,
18 September 2019,Kering,FR0000121485,Apparel & Textile Products,Corporate Rating,E-,Stable,E,Stable,
25 July 2019,UnipolSai,IT0004827447,Insurance,Corporate Rating,EE+,Stable,EE+,Stable,
18 July 2019,ABB,CH0012221716,Electrical Equipment,Corporate Rating,EE,Stable,EE+,Stable,
17 July 2019,Bayer,DE000BAY0017,Biotech & Pharma,Corporate Rating,E+,Stable,EE-,Stable,
11 July 2019,New World Development Company,HK0017000149,Real Estate,Corporate Rating,EE-,Stable,,,
11 July 2019,China Life Insurance Company,CNE1000002L3,Insurance,Corporate Rating,E,Stable,,,
11 July 2019,Shenzhou International Group Holdings,KYG8087W1015,Apparel & Textile Products,Corporate Rating,E,Stable,,,
11 July 2019,Sinopec Corp,CNE1000002Q2,Oil, Gas & Coal,Corporate Rating,E-,Stable,,
11 July 2019,Wharf REIC,KYG9593A1040,Real Estate,Corporate Rating,E+,Stable,,,
11 July 2019,Link REIT,HK0823032773,Real Estate,Corporate Rating,EE,Stable,,,
11 July 2019,Galaxy Entertainment Group,HK0027032686,Gaming, Lodging & Restaurants,Corporate Rating,E,Stable,,
11 July 2019,CK Asset Holdings,KYG2177B1014,Real Estate,Corporate Rating,E+,Stable,,,
11 July 2019,Bank of Communications,CNE100000205,Banking,Corporate Rating,E,Stable,,,
11 July 2019,China Resources Land,KYG2108Y1052,Real Estate,Corporate Rating,E,Stable,,,
11 July 2019,Country Garden Holdings,KYG245241032,Real Estate,Corporate Rating,E,Stable,,,
11 July 2019,CK Hutchison Holdings,KYG217651051,Retail,Corporate Rating,E+,Stable,,,
11 July 2019,Sands China,KYG7800X1079,Gaming, Lodging & Restaurants,Corporate Rating,E,Stable,,
11 July 2019,Hong Kong and China Gas,HK0003000038,Utilities,Corporate Rating,E+,Stable,,,
11 July 2019,Hong Kong Exchanges and Clearing (HKEX),HK0388045442,Institutional Financial Svcs,Corporate Rating,EE+,Stable,,,
11 July 2019,Bank of China Hong Kong Holdings,HK2388011192,Banking,Corporate Rating,E+,Stable,,,
11 July 2019,Sun Hung Kai Properties,HK0016000132,Real Estate,Corporate Rating,E,Stable,,,
11 July 2019,Hang Seng Bank,HK0011000095,Banking,Corporate Rating,E+,Stable,,,
11 July 2019,Industrial and Commercial Bank of China (ICBC),CNE1000003G1,Banking,Corporate Rating,E-,Stable,,,
11 July 2019,Ping An Insurance Group Co of China,CNE1000003X6,Insurance,Corporate Rating,E-,Stable,,,
01 July 2019,FinecoBank,IT0000072170,Banking,Corporate Rating,EE,Stable,EE,Stable,
27 June 2019,China Overseas Land & Investment,HK0688002218,Real Estate,Corporate Rating,E,Stable,,,
26 June 2019,Unibail-Rodamco-Westfield ,FR0013326246,Real Estate,Corporate Rating,EEE-,Stable,Pending,,
20 June 2019,CNOOC,HK0883013259,Oil, Gas & Coal,Corporate Rating,E-,Stable,,
19 June 2019,Amplifon,IT0004056880,Medical Equipment & Devices,Corporate Rating,E+,Stable,,,
14 June 2019,Nordea Bank,FI4000297767,Banking,Corporate Rating,EE+,Negative,EE+,Under Monitoring,
12 June 2019,Sanofi,FR0000120578,Biotech & Pharma,Corporate Rating,EE-,Stable,Pending,,
30 May 2019,Cofinimmo,BE0003593044,Real Estate,Corporate Rating,EE+,Stable,EE+,Stable,
30 May 2019,Swatch,CH0012255151,Apparel & Textile Products,Corporate Rating,E,Stable,E,Stable,
29 May 2019,Saint-Gobain,FR0000125007:,Construction Materials,Corporate Rating,EE,Stable,EE,Stable,
23 May 2019,Tencent Holdings,KYG875721634,Technology Services,Corporate Rating,E-,Stable,,,
23 May 2019,Valeo,FR0013176526,Automotive,Corporate Rating,EE,Stable,EE,Stable,
22 May 2019,Carrefour,FR0000120172,Retail,Corporate Rating,EE-,Negative,EE-,Stable,
16 May 2019,Credito Valtellinese,IT0005319444,Banking,Corporate Rating,EE-,Under Monitoring,EE-,Stable,
16 May 2019,AIA Group,HK0000069689,Institutional Financial Svcs,Corporate Rating,EE,Stable,,,
15 May 2019,Commerzbank,DE000CBK1001,Banking,Corporate Rating,EE-,Stable,E+,Stable,
09 May 2019,ANA Holdings,JP3429800000,Transportation & Logistics,Corporate Rating,E+,Stable,,,
08 May 2019,Deutsche Boerse,DE0005810055,Institutional Financial Svcs,Corporate Rating,EE-,Stable,EE-,Stable,
18 April 2019,China Construction Bank,CNE1000002H1,Banking,Corporate Rating,E,Stable,,,
18 April 2019,Electricité de France (EDF),FR0011637586,Utilities,Corporate Rating,E+,Negative,E+,Stable,
17 April 2019,Deutsche Post,DE0005552004,Transportation & Logistics,Corporate Rating,EE+,Stable,EE,Under Monitoring,
02 April 2019,SBM Offshore,NL0000360618,Engineering & Construction Svcs,Corporate Rating,Removed from SE Indices,,Pending,,
29 March 2019,Swedbank,SE0000242455,Banking,Corporate Rating,EE,Under monitoring,EE,Stable,
29 March 2019,Nordea Bank,SE0000427361,Banking,Corporate Rating,EE+,Under monitoring,EE+,Stable,
28 March 2019,Novo Nordisk,DK0060534915,Biotech & Pharma,Corporate Rating,EE-,Stable,,,
28 March 2019,AB Volvo,SE0000115446,Transportation Equipment,Corporate Rating,E+,Positive,,,
27 March 2019,A2A,IT0001233417,Utilities,Corporate Rating,EE,Stable,EE-,Stable,
21 March 2019,Takeda Pharmaceutical,JP3463000004,Biotech & Pharma,Corporate Rating,EE,Stable,,,
21 March 2019,Henkel,DE0006048432,Consumer Products,Corporate Rating,E,Stable,E,Stable,
20 March 2019,Bank of China,CNE1000001Z5,Banking,Corporate Rating,E-,Stable,,,
14 March 2019,Colruyt,BE0974256852,Retail,Corporate Rating,E,Stable,E,Stable,
14 March 2019,Michelin,FR0000121261,Automotive,Corporate Rating,EE+,Stable,EE,Stable,
13 March 2019,Sony Corporation,JP3435000009,Hardware,Corporate Rating,EE,Stable,,,
13 March 2019,Boeing,US0970231058,Aerospace & Defence,Corporate Rating,Suspended,,E+,Stable,
07 March 2019,Atlas Copco,SE0011166610,Machinery,Corporate Rating,EE,Stable,,,
07 March 2019,Cellnex Telecom,ES0105066007,Telecom,Corporate Rating,EE-,Under Monitoring,EE-,Stable,
06 March 2019,UBI Banca,IT0003487029,Banking,Corporate Rating,EE,Negative,EE,Stable,
28 February 2019,China Mobile, HK0941009539,Telecom,Corporate Rating,E,Stable,,,
28 February 2019,Carnival Plc,GB0031215220,Gaming, Lodging & Restaurants,Corporate Rating,E,Stable,,
27 February 2019,Volkswagen,DE0007664005,Automotive,Corporate Rating,E-,Stable,E-,Stable,
21 February 2019,Equinor,NO0010096985,Oil, Gas & Coal,Corporate Rating,EE,Stable,,
21 February 2019,A.P. Moller - Maersk,DK0010244425,Transportation & Logistics,Corporate Rating,E+,Stable,,,
20 February 2019,Poste Italiane,IT0003796171,Transportation & Logistics,Corporate Rating,E+,Stable,EE-,Under Monitoring,
13 February 2019,Engie,FR0010208488,Utilities,Corporate Rating,EE-,Stable,E+,Stable,
07 February 2019,CLP Holdings,HK0002007356,Utilities,Corporate Rating,E,Stable,,,
07 February 2019,Ferguson PLC (formerly Wolseley),JE00BFYFZP55,Industrial Services,Corporate Rating,EE,Stable,EE,Stable,
31 January 2019,Mizuho Financial Group,JP3885780001,Banking,Corporate Rating,EE-,Stable,,,
31 January 2019,CIE Automotive,ES0105630315,Automotive,Corporate Rating,E,Stable,,,
30 January 2019,CNH Industrial,NL0010545661,Machinery,Corporate Rating,E+,Positive,E,Stable,
24 January 2019,Mitsubishi UFJ Financial Group (MUFG),JP3902900004,Banking,Corporate Rating,E+,Stable,,,
24 January 2019,Ashtead group plc,GB0000536739,Industrial Services,Corporate Rating,EE-,Stable,,,
23 January 2019,Hitachi,JP3788600009,Electrical Equipment,Corporate Rating,EE-,Stable,,,
17 January 2019,Informa,GB00BMJ6DW54,Media,Corporate Rating,EE,Stable,,,
17 January 2019,argenx,NL0010832176,Biotech & Pharma,Corporate Rating,EE-,Stable,,,
16 January 2019,Renault,FR0000131906,Automotive,Corporate Rating,E+,Stable,E+,Stable,
08 January 2019,Banca Carige,IT0005108763,Banking,Corporate Rating,Suspended,,E+,Stable,
20 December 2018,Enel,IT0003128367,Utilities,Corporate Rating,EE+,Stable,EE+,Negative,
20 December 2018,Wirecard,DE0007472060,Specialty Finance,Corporate Rating,EE-,Stable,,,
20 December 2018,MTR Corporation,HK0066009694,Passenger Transportation,Corporate Rating,EE-,Stable,,,
19 December 2018,ArcelorMittal,LU1598757687,Iron & Steel,Corporate Rating,E+,Stable,E+,Stable,
13 December 2018,Swire Pacific,HK0019000162,Real Estate,Corporate Rating,E,Stable,,,
13 December 2018,Covestro,DE0006062144,Chemicals,Corporate Rating,EE+,Stable,,,
12 December 2018,Walgreens Boots Alliance,US9314271084,Retail,Corporate Rating,E+,Stable,,,
06 December 2018,Hermès International,FR0000052292,Apparel & Textile Products,Corporate Rating,E,Stable,,,
01 October 2018,Ferrari,NL0011585146,Automotive,Corporate Rating,E+,Stable,E,Stable,
20 September 2018,Danske Bank,DK0010274414,Banking,Corporate Rating,Suspended,,EE,Stable,
02 July 2018,Unibail-Rodamco,FR0000124711,Real Estate,Corporate Rating,Pending,,EEE-,Stable,
28 June 2018,FinecoBank,IT0000072170,Banking,Corporate Rating,EE,Stable,EE,Stable,
25 June 2018,Deutsche Post,DE0005552004,Transportation & Logistics,Corporate Rating,EE,Under monitoring,EE,Stable,
21 June 2018,Yoox Net-A-Porter,IT0003540470,Retail,Corporate Rating,Suspended because Delisted,,EE-,Stable,
19 June 2018,UnipolSai,IT0004827447,Insurance,Corporate Rating,EE+,Stable,EE,Positive,
30 May 2018,Boeing,US0970231058,Aerospace & Defence,Corporate Rating,E+,Stable,,,
23 May 2018,Sanofi,FR0000120578,Biotech & Pharma,Corporate Rating,Pending,,EE+,Stable,
17 May 2018,Energias de Portugal,PTEDP0AM0009,Utilities,Corporate Rating,E+,Stable,,,
16 May 2018,Philips,NL0000009538,Electrical Equipment,Corporate Rating,EE,Positive,EE,Stable,
16 May 2018,Philips Lighting,NL0011821392,Electrical Equipment,Corporate Rating,EE+,Stable,,,
10 May 2018,London Stock Exchange Group,GB00B0SWJX34,Institutional Financial Svcs,Corporate Rating,EEE-,Stable,EEE-,Stable,
09 May 2018,Fortum,FI0009007132,Utilities,Corporate Rating,EE+,Stable,,,
03 May 2018,Nissan,JP3672400003,Automotive,Corporate Rating,E+,Stable,,,
26 April 2018,ASR Nederland,NL0011872643,Insurance,Corporate Rating,EE-,Stable,,,
25 April 2018,Daiwa Securities Group,JP3502200003,Institutional Financial Svcs,Corporate Rating,EE-,Stable,,,
19 April 2018,Ørsted,DK0060094928,Utilities,Corporate Rating,EE,Stable,,,
18 April 2018,Mitsubishi Electric,JP3902400005,Electrical Equipment,Corporate Rating,EE-,Stable,,,
09 April 2018,ENI,IT0003132476,Oil, Gas & Coal,Corporate Rating,EE+,Stable,EEE-,Stable
28 March 2018,Nestlé,CH0038863350,Consumer Products,Corporate Rating,EE-,Stable,EE-,Stable,
23 March 2018,A2A,IT0001233417,Utilities,Corporate Rating,EE-,Stable,EE-,Stable,
21 March 2018,Airbus Group,NL0000235190,Aerospace & Defence,Corporate Rating,EE-,Stable,EE-,Stable,
14 March 2018,Buzzi Unicem,IT0001347308,Construction Materials,Corporate Rating,E+,Stable,E,Positive,
09 March 2018,UnitedHealth,US91324P1021,Health Care Facilities & Svcs,Corporate Rating,E,Stable,,,
09 March 2018,United Technologies,US9130171096,Aerospace & Defence,Corporate Rating,E,Stable,,,
09 March 2018,Merck & Co.,US58933Y1055,Biotech & Pharma,Corporate Rating,E+,Stable,,,
09 March 2018,Home Depot,US4370761029,Consumer Products,Corporate Rating,E+,Stable,,,
09 March 2018,Exxon Mobil,US30231G1022,Oil, Gas & Coal,Corporate Rating,E-,Stable,,
09 March 2018,DowDuPont,US26078J1007,Chemicals,Corporate Rating,E,Stable,,,
08 March 2018,Veolia Environnement,FR0000124141,Utilities,Corporate Rating,EE,Stable,EE,Stable,
01 March 2018,Procter & Gamble,US7427181091,Consumer Products,Corporate Rating,EE,Stable,,,
22 February 2018,Johnson & Johnson,US4781601046,Biotech & Pharma,Corporate Rating,E,Stable,,,
21 February 2018,Cisco Systems,US17275R1023,Electrical Equipment,Corporate Rating,EE+,Stable,,,
22 December 2017,Vopak,NL0009432491,Oil, Gas & Coal,Corporate Rating,E+,Stable,,
22 December 2017,SBM Offshore,NL0000360618,Engineering & Construction Svcs,Corporate Rating,Pending,,,,
22 December 2017,Randstad,NL0000379121,Commercial Services,Corporate Rating,EE,Stable,,,
22 December 2017,DSM Kon,NL0000009827,Consumer Products,Corporate Rating,EE,Stable,,,
22 December 2017,Boskalis Westmin,NL0000852580,Engineering & Construction Svcs,Corporate Rating,E+,Stable,,,
22 December 2017,Altice,NL0011333752,Telecom,Corporate Rating,E,Stable,,,
22 December 2017,Akzo Nobel,NL0000009132,Chemicals,Corporate Rating,EE+,Stable,,,
22 December 2017,Aalberts Industries,NL0000852564,Industrial Services,Corporate Rating,E+,Stable,,,
14 December 2017,Nike,US6541061031,Consumer Products,Corporate Rating,EE-,Stable,,,
13 December 2017,Intel Corporation,US4581401001,Electrical Equipment,Corporate Rating,EE,Stable,,,
07 December 2017,Philips,NL0000009538,Electrical Equipment,Corporate Rating,EE,Stable,,,
07 December 2017,Banca MPS,IT0005218752,Banking,Corporate Rating,EE-,Stable,Suspended,,
06 December 2017,KPN,NL0000009082,Telecom,Corporate Rating,E+,Stable,,,
06 December 2017,Heineken N.V.,NL0000009165,Consumer Products,Corporate Rating,EE-,Stable,,,
30 November 2017,Coca-Cola Company,US1912161007,Consumer Products,Corporate Rating,EE,Stable,,,
29 November 2017,Pfizer,US7170811035,Biotech & Pharma,Corporate Rating,Pending,,,,
23 November 2017,Moncler,IT0004965148,Retail,Corporate Rating,E+,Stable,E,Stable,
22 November 2017,Goldman Sachs,US38141G1040,Banking,Corporate Rating,E+,Stable,,,
16 November 2017,Aegon,NL0000303709,Insurance,Corporate Rating,EE+,Stable,,,
16 November 2017,NN Group,NL0010773842,Insurance,Corporate Rating,EEE-,Stable,,,
15 November 2017,Visa,US92826C8394,Specialty Finance,Corporate Rating,EE,Stable,,,
15 November 2017,ASML Holding,NL0010273215,Technology Services,Corporate Rating,EE+,Stable,,,
09 November 2017,Inditex,ES0148396007,Consumer Products,Corporate Rating,E-,Stable,,,
09 November 2017,Aena,ES0105046009,Transportation & Logistics,Corporate Rating,E,Stable,,,
09 November 2017,ACS,ES0167050915,Industrial Services,Corporate Rating,E,Stable,,,
09 November 2017,Tecnicas Reunidas,ES0178165017,Oil, Gas & Coal,Corporate Rating,E+,Stable,,
09 November 2017,Melia Hotels International,ES0176252718,Gaming, Lodging & Restaurants,Corporate Rating,E+,Stable,,
09 November 2017,Mapfre,ES0124244E34,Insurance,Corporate Rating,E+,Stable,,,
09 November 2017,Inmobiliaria Colonial,ES0139140174,Real Estate,Corporate Rating,E+,Stable,,,
09 November 2017,Bankinter,ES0113679I37,Banking,Corporate Rating,E+,Stable,,,
09 November 2017,Indra,ES0118594417,Technology Services,Corporate Rating,EE-,Stable,,,
09 November 2017,DIA,ES0126775032,Consumer Products,Corporate Rating,EE-,Stable,,,
09 November 2017,Merlin Properties,ES0105025003,Real Estate,Corporate Rating,EE+,Stable,,,
09 November 2017,Mediaset Espana,ES0152503035,Media,Corporate Rating,E,Stable,,,
08 November 2017,Wolters Kluwer,NL0000395903,Technology Services,Corporate Rating,EEE-,Stable,,,
08 November 2017,Prysmian,IT0004176001,Manufactured Goods,Corporate Rating,EE+,Stable,EE,Stable,
27 October 2017,Repsol,ES0173516115,Oil, Gas & Coal,Corporate Rating,EE-,Stable,,
27 October 2017,Red Electrica,ES0173093024,Utilities,Corporate Rating,EE-,Stable,,,
26 October 2017,Cellnex Telecom,ES0105066007,Telecom,Corporate Rating,EE-,Stable,,,
26 October 2017,Microsoft Corporation,US5949181045,Hardware,Corporate Rating,EE,Stable,,,
12 October 2017,Amadeus IT Group,ES0109067019,Technology Services,Corporate Rating,EE-,Stable,,,
12 October 2017,Siemens Gamesa,ES0143416115,Electrical Equipment,Corporate Rating,EE,Stable,,,
11 October 2017,Apple,US0378331005,Hardware,Corporate Rating,EE-,Stable,,,
05 October 2017,Enagás,ES0130960018,Utilities,Corporate Rating,E+,Stable,,,
05 October 2017,Acciona,ES0125220311,Utilities,Corporate Rating,E+,Stable,,,
04 October 2017,McDonald's Corporation,US5801351017,Consumer Products,Corporate Rating,E+,Stable,,,
28 September 2017,Sika,CH0000587979,Chemicals,Corporate Rating,E+,Stable,,,
28 September 2017,ABN Amro,NL0011540547,Banking,Corporate Rating,EE-,Stable,,,
27 September 2017,Sofina,BE0003717312,Specialty Finance,Corporate Rating,E,Stable,,,
27 September 2017,3i Group,GB00B1YW4409,Commercial Services,Corporate Rating,EE,Stable,,,
22 September 2017,SAP,DE0007164600,Software,Corporate Rating,EE+,Stable,EE,Stable,
22 September 2017,Lonza Group,CH0013841017,Biotech & Pharma,Corporate Rating,EE-,Stable,,,
21 September 2017,Acerinox,ES0132105018,Materials,Corporate Rating,E+,Stable,,,
21 September 2017,Viscofan,ES0184262212,Consumer Products,Corporate Rating,EE-,Stable,,,
20 September 2017,Endesa,ES0130670112,Utilities,Corporate Rating,E+,Stable,,,
26 July 2017,Chevron Corporation,US1667641005,Oil, Gas & Coal,Corporate Rating,EE-,Stable,,
20 July 2017,Abertis,ES0111845014,Transportation & Logistics,Corporate Rating,EE+,Stable,,,
20 July 2017,Caterpillar,US1491231015,Machinery,Corporate Rating,EE-,Stable,,,
19 July 2017,Telefonica,ES0178430E18,Telecom,Corporate Rating,EE-,Stable,,,
13 July 2017,Wal-Mart Stores,US9311421039,Consumer Products,Corporate Rating,E,Stable,,,
12 July 2017,3M,US88579Y1010,Consumer Products,Corporate Rating,EE,Stable,,,
10 July 2017,Telecom Italia,IT0003497168,Telecom,Corporate Rating,E,Stable,E+,Negative,
07 July 2017,UnipolSai,IT0004827447,Insurance,Corporate Rating,EE,Positive,EE,Stable,
06 July 2017,Vivendi,FR0000127771,Media,Corporate Rating,E+,Negative,E+,Stable,
05 July 2017,JPMorgan Chase,US46625H1005,Banking,Corporate Rating,EE-,Stable,,,
03 July 2017,FinecoBank,IT0000072170,Banking,Corporate Rating,EE,Stable,EE-,Stable,
29 June 2017,Mondi Group,GB00B1CRLC47,Consumer Products,Corporate Rating,EE+,Stable,,,
28 June 2017,IBM,US4592001014,Technology Services,Corporate Rating,EE+,Stable,,,
22 June 2017,CYBG Group,GB00BD6GN030,Banking,Corporate Rating,E+,Stable,,,
21 June 2017,Ferrovial,ES0118900010,Engineering & Construction Svcs,Corporate Rating,EE-,Stable,,,
15 June 2017,The Travelers,US89417E1091,Insurance,Corporate Rating,EE+,Stable,,,
14 June 2017,The Walt Disney,US2546871060,Media,Corporate Rating,EE,Stable,,,
08 June 2017,Gas Natural SDG,ES0116870314,Utilities,Corporate Rating,EE-,Stable,,,
07 June 2017,American Express,US0258161092,Commercial Services,Corporate Rating,EE-,Stable,,,
01 June 2017,Telecom Italia,IT0003497168,Telecom,Corporate Rating,E+,Negative,Suspended,,
31 May 2017,Delta Lloyd,NL0009294552,Insurance,Corporate Rating,Removed,,EE+,Stable,
31 May 2017,Iberdrola,ES0144580Y14,Utilities,Corporate Rating,EE,Stable,,,
19 May 2017,General Electric,US3696041033,Oil, Gas & Coal,Corporate Rating,EE-,Stable,,
19 May 2017,Banco de Sabadell,ES0113860A34,Banking,Corporate Rating,EE-,Stable,,,
17 May 2017,Grifols,ES0171996087,Biotech & Pharma,Corporate Rating,E,Stable,,,
11 May 2017,Adidas,DE000A1EWWW0,Apparel & Textile Products,Corporate Rating,EE,Warning,EE,Stable,
10 May 2017,Atos,FR0000051732,Technology Services,Corporate Rating,EE-,Stable,,,
04 May 2017,CRH,IE0001827041,Construction Materials,Corporate Rating,EE-,Stable,Pending,,
20 April 2017,Aperam,LU0569974404,Iron & Steel,Corporate Rating,E+,Stable,,,
19 April 2017,Societe Generale,FR0000130809,Banking,Corporate Rating,EE-,Stable,EE,Stable,
12 April 2017,Standard Chartered,GB0004082847,Banking,Corporate Rating,EE-,Stable,Pending,,
11 April 2017,ITV,GB0033986497,Media,Corporate Rating,EE,Stable,EE,Stable,
06 April 2017,Deutsche Telekom,DE0005557508,Telecom,Corporate Rating,EE-,Stable,EE-,Stable,
05 April 2017,Swisscom,CH0008742519,Telecom,Corporate Rating,E+,Stable,E+,Stable,
23 March 2017,Enel,IT0003128367,Utilities,Corporate Rating,EE+,Negative,EE+,Stable,
16 March 2017,BNP Paribas Fortis,BE0172505399,Banking,Corporate Rating,E,Stable,,,
09 March 2017,Crèdit Industriel et Commercial,FR0005025004,Banking,Corporate Rating,E,Stable,,,
09 March 2017,KBC Group,BE0003565737,Banking,Corporate Rating,E,Stable,,,
09 March 2017,DNB Group,NO0010031479,Banking,Corporate Rating,E,Stable,,,
08 March 2017,Banco Comercial Português,PTBCP0AM0007,Banking,Corporate Rating,E+,Stable,,,
02 March 2017,Italgas,IT0005211237,Utilities,Corporate Rating,E+,Stable,,,
28 February 2017,Natixis,FR0000120685,Banking,Corporate Rating,E+,Stable,,,
23 February 2017,Deutsche Pfandbriefbank,DE0008019001,Banking,Corporate Rating,EE-,Stable,,,
23 February 2017,Danske Bank,DK0010274414,Banking,Corporate Rating,EE,Stable,,,
15 February 2017,Raiffeisen Bank International,AT0000606306,Banking,Corporate Rating,E+,Stable,,,
09 February 2017,Bankia,ES0113307062,Banking,Corporate Rating,EE-,Stable,,,
09 February 2017,CaixaBank,ES0140609019,Banking,Corporate Rating,E+,Stable,,,
08 February 2017,Recordati,IT0003828271,Biotech & Pharma,Corporate Rating,E+,Stable,E+,Stable,
31 January 2017,British American Tobacco,GB0002875804,Consumer Products,Corporate Rating,E+,Stable,Pending,,
27 January 2017,Skandinaviska Enskilda Banken (SEB),SE0000148884,Banking,Corporate Rating,EE-,Stable,,,
27 January 2017,Swedbank,SE0000242455,Banking,Corporate Rating,EE,Stable,,,
27 January 2017,Svenska Handelsbanken,SE0007100599,Banking,Corporate Rating,EE,Stable,,,
25 January 2017,Bank of Ireland,IE00BD1RP616,Banking,Corporate Rating,E+,Stable,,,
25 January 2017,Allied Irish Banks,IE00BYSZ9G33,Banking,Corporate Rating,E+,Stable,,,
19 January 2017,Credit Suisse,CH0012138530,Banking,Corporate Rating,E+,Stable,EE-,Stable,
01 January 2017,Banco BPM,IT0005218380,Banking,Corporate Rating,EE-,Stable,,,
30 December 2016,Banco Popolare,IT0005002883,Banking,Corporate Rating,Removed because Delisted,,EE,Under monitoring,
30 December 2016,Banca Popolare Milano,IT0000064482,Banking,Corporate Rating,Removed because Delisted,,EE-,Stable,
22 December 2016,Banca MPS,IT0005218752,Banking,Corporate Rating,Suspended,,EE,Stable,
30 November 2016,Daimler,DE0007100000,Automotive,Corporate Rating,E+,Stable,E+,Stable,
24 November 2016,Brembo,IT0005252728,Automotive,Corporate Rating,EE-,Stable,,,
23 November 2016,Ahold Delhaize,NL0011794037,Retail,Corporate Rating,EE-,Stable,,,
17 November 2016,Poste Italiane,IT0003796171,Transportation & Logistics,Corporate Rating,EE-,Under monitoring,EE-,Stable,
16 November 2016,UBS Group,CH0244767585,Banking,Corporate Rating,E+,Stable,Suspended,,
27 October 2016,Bayer,DE000BAY0017,Biotech & Pharma,Corporate Rating,EE-,Stable,EE-,Stable,
26 October 2016,Mediobanca,IT0000062957,Banking,Corporate Rating,EE-,Stable,E+,Positive,
17 October 2016,Paddy Power Betfair,IE00BWT6H894,Gaming, Lodging & Restaurants,Corporate Rating,E,Stable,,
17 October 2016,Next,GB0032089863,Retail,Corporate Rating,EE-,Stable,,,
17 October 2016,Kingfisher,GB0033195214,Retail,Corporate Rating,EE+,Stable,,,
17 October 2016,ITV,GB0033986497,Media,Corporate Rating,EE,Stable,,,
17 October 2016,Fresnillo,GB00B2QPKJ12,Metals & Mining,Corporate Rating,E+,Stable,,,
17 October 2016,Old Mutual,GB00B77J0862,Insurance,Corporate Rating,EE-,Stable,,,
17 October 2016,London Stock Exchange Group,GB00B0SWJX34,Institutional Financial Svcs,Corporate Rating,EEE-,Stable,,,
17 October 2016,Land Securities Group,GB0031809436,Real Estate,Corporate Rating,EE+,Stable,,,
17 October 2016,Anglo American,GB00B1XZS820,Iron & Steel,Corporate Rating,E,Stable,,,
17 October 2016,Wolseley,JE00BFNWV485,Industrial Services,Corporate Rating,EE,Stable,,,
17 October 2016,International Consolidated Airlines Group,ES0177542018,Passenger Transportation,Corporate Rating,EE,Stable,,,
17 October 2016,Smith & Nephew,GB0009223206,Medical Equipment & Devices,Corporate Rating,EE,Stable,,,
17 October 2016,Centrica,GB00B033F229,Utilities,Corporate Rating,EE-,Stable,,,
17 October 2016,Rolls-Royce Holdings,GB00B63H8491,Aerospace & Defence,Corporate Rating,EE,Stable,,,
17 October 2016,Experian,GB00B19NLV48,Technology Services,Corporate Rating,EE+,Stable,,,
17 October 2016,Tesco,GB0008847096,Retail,Corporate Rating,EE,Stable,,,
17 October 2016,Legal & General Group,GB0005603997,Insurance,Corporate Rating,EE,Stable,,,
17 October 2016,RELX,GB00B2B0DG97,Technology Services,Corporate Rating,EE,Stable,,,
17 October 2016,Aviva,GB0002162385,Insurance,Corporate Rating,EE,Stable,,,
17 October 2016,BAE Systems,GB0002634946,Aerospace & Defence,Corporate Rating,EE,Stable,,,
17 October 2016,SSE,GB0007908733,Utilities,Corporate Rating,EE,Stable,,,
17 October 2016,Sky,GB0001411924,Media,Corporate Rating,EE-,Stable,,,
17 October 2016,CRH,IE0001827041,Construction Materials,Corporate Rating,Pending,,,,
17 October 2016,BHP Billiton,GB0000566504,Iron & Steel,Corporate Rating,E,Stable,,,
17 October 2016,Glencore,JE00B4T3BW64,Metals & Mining,Corporate Rating,E-,Stable,,,
17 October 2016,WPP,JE00B8KF9B49,Media,Corporate Rating,EE+,Stable,,,
17 October 2016,Compass Group,GB00BLNN3L44,Commercial Services,Corporate Rating,EE-,Stable,,,
17 October 2016,Associated British Foods,GB0006731235,Consumer Products,Corporate Rating,E,Stable,,,
17 October 2016,Rio Tinto,GB0007188757,Iron & Steel,Corporate Rating,E,Stable,,,
17 October 2016,Prudential,GB0007099541,Insurance,Corporate Rating,EE-,Stable,,,
17 October 2016,Imperial Brands,GB0004544929,Consumer Products,Corporate Rating,E+,Stable,,,
17 October 2016,National Grid,GB00B08SNH34,Utilities,Corporate Rating,E+,Stable,,,
17 October 2016,Shire,JE00B2QKY057,Biotech & Pharma,Corporate Rating,EE,Stable,,,
17 October 2016,Unilever,GB00B10RZP78,Consumer Products,Corporate Rating,EE-,Stable,,,
17 October 2016,BT Group,GB0030913577,Telecom,Corporate Rating,EE,Stable,,,
17 October 2016,Diageo,GB0002374006,Consumer Products,Corporate Rating,EE-,Stable,,,
17 October 2016,Reckitt Benckiser Group,GB00B24CGK77,Consumer Products,Corporate Rating,EE,Stable,,,
17 October 2016,AstraZeneca,GB0009895292,Biotech & Pharma,Corporate Rating,E+,Stable,,,
17 October 2016,Vodafone Group,GB00BH4HKS39,Telecom,Corporate Rating,EEE-,Stable,,,
17 October 2016,BP,GB0007980591,Oil, Gas & Coal,Corporate Rating,EE-,Stable,,
17 October 2016,GlaxoSmithKline,GB0009252882,Biotech & Pharma,Corporate Rating,E,Stable,,,
17 October 2016,British American Tobacco,GB0002875804,Consumer Products,Corporate Rating,Pending,,,,
17 October 2016,Royal Dutch Shell,GB00B03MLX29,Oil, Gas & Coal,Corporate Rating,EE-,Stable,,
17 October 2016,Standard Chartered,GB0004082847,Banking,Corporate Rating,Pending,,,,
27 July 2016,Banca Ifis,IT0003188064,Banking,Corporate Rating,E,Stable,,,
26 July 2016,Banca Carige,IT0005108763,Banking,Corporate Rating,E+,Stable,,,
21 July 2016,Banca Generali,IT0001031084,Banking,Corporate Rating,EE-,Stable,,,
20 July 2016,Klepierre,FR0000121964,Real Estate,Corporate Rating,E+,Stable,,,
19 July 2016,HSBC Holdings,GB0005405286,Banking,Corporate Rating,EE,Stable,,,
15 July 2016,UnipolSai,IT0004827447,Insurance,Corporate Rating,EE,Stable,EE-,Stable,
13 July 2016,Ontex Group,BE0974276082,Consumer Products,Corporate Rating,EE,Stable,,,
12 July 2016,Erste Group Bank,AT0000652011,Banking,Corporate Rating,E,Stable,,,
06 July 2016,National Bank of Greece,XS1063244682,Banking,Corporate Rating,E,Stable,,,
05 July 2016,Lloyds Banking Group,GB0008706128,Banking,Corporate Rating,E+,Stable,,,
29 June 2016,Galapagos,BE0003818359,Biotech & Pharma,Corporate Rating,E,Stable,,,
28 June 2016,Sodexo,FR000121220,Commercial Services,Corporate Rating,E,Stable,,,
23 June 2016,Credito Emiliano,IT0003121677,Banking,Corporate Rating,E-,Stable,,,
23 June 2016,Banca Intermobiliare,IT0000074077,Banking,Corporate Rating,E,Stable,,,
23 June 2016,Banco Desio Brianza,IT0001041000,Banking,Corporate Rating,E,Stable,E+,Stable,
23 June 2016,Credito Valtellinese,IT0005319444,Banking,Corporate Rating,EE-,Stable,,,
22 June 2016,ProSiebenSat.1,DE000PSM7770,Media,Corporate Rating,E,Stable,,,
14 June 2016,Nokia,FI0009000681,Hardware,Corporate Rating,EE,Stable,,,
09 June 2016,Swiss Life,CH0014852781,Insurance,Corporate Rating,EE,Stable,,,
31 May 2016,Azimut Holding,IT0003261697,Asset Management,Corporate Rating,E+,Stable,EE,Stable,
30 May 2016,Banca MPS,IT0005218752,Banking,Corporate Rating,EE,Stable,EE-,Stable,
26 May 2016,Nordea Bank,SE0000427361,Banking,Corporate Rating,EE+,Stable,,,
25 May 2016,Banca Profilo,IT0001073045,Banking,Corporate Rating,E+,Stable,,,
16 May 2016,Royal Bank of Scotland,GB00B7T77214,Banking,Corporate Rating,E-,Stable,,,
12 May 2016,Banca Finnat,IT0000088853,Banking,Corporate Rating,E,Stable,,,
12 May 2016,Banca Popolare Emilia Romagna,IT0000066123,Banking,Corporate Rating,EE-,Stable,EE,Under monitoring,
09 May 2016,ING Group,NL0011821202,Banking,Corporate Rating,E+,Positive,,,
28 April 2016,FinecoBank,IT0000072170,Banking,Corporate Rating,EE-,Stable,,,
28 April 2016,Banca Popolare di Sondrio,IT0000784196,Banking,Corporate Rating,EE-,Stable,,,
18 April 2016,BBVA,ES0113211835,Banking,Corporate Rating,EE,Stable,,,
14 April 2016,Peugeot,FR0000121501,Automotive,Corporate Rating,E+,Stable,,,
12 April 2016,Daimler,DE0007100000,Automotive,Corporate Rating,E+,Stable,Pending,,
11 April 2016,Banco Santander,ES0113900J37,Banking,Corporate Rating,E+,Stable,,,
08 April 2016,Deutsche Bank,DE0005140008,Banking,Corporate Rating,E-,Stable,Pending,,
31 March 2016,Prysmian,IT0004176001,Manufactured Goods,Corporate Rating,EE,Stable,EE,Positive,
22 March 2016,Telecom Italia,IT0003497168,Telecom,Corporate Rating,Suspended,,E+,Stable,
21 March 2016,Barclays Plc,GB0031348658,Banking,Corporate Rating,E,Stable,,,
18 March 2016,Poste Italiane,IT0003796171,Transportation & Logistics,Corporate Rating,EE-,Stable,,,
15 March 2016,Essilor Intl.,FR0000121667,Medical Equipment & Devices,Corporate Rating,EE,Positive,EE,Stable,
14 March 2016,Volkswagen,DE0007664005,Automotive,Corporate Rating,E-,Stable,Pending,,
10 March 2016,Luxottica,IT0001479374,Retail,Corporate Rating,E+,Stable,EE-,Stable,
08 March 2016,UBS Group,CH0244767585,Banking,Corporate Rating,Suspended,,EE-,Stable,
07 March 2016,Ferrari,NL0011585146,Automotive,Corporate Rating,E,Stable,,,
03 March 2016,UnipolSai,IT0004827447,Insurance,Corporate Rating,EE-,Stable,E+,Positive,
29 February 2016,Volkswagen,DE0007664005,Automotive,Corporate Rating,Pending,,,,
29 February 2016,Deutsche Bank,DE0005140008,Banking,Corporate Rating,Pending,,,,
29 February 2016,Daimler,DE0007100000,Automotive,Corporate Rating,Pending,,,,
29 February 2016,Henkel,DE0006048432,Consumer Products,Corporate Rating,E,Stable,,,
29 February 2016,HeidelbergCement,DE0006047004,Construction Materials,Corporate Rating,E,Stable,,,
29 February 2016,Beiersdorf,DE0005200000,Consumer Products,Corporate Rating,E,Stable,,,
29 February 2016,ThyssenKrupp,DE0007500001,Iron & Steel,Corporate Rating,E+,Stable,,,
29 February 2016,Fresenius SE & Co.,DE0005785604,Health Care Facilities & Svcs,Corporate Rating,E+,Stable,,,
29 February 2016,Fresenius Medical Care,DE0005785802,Health Care Facilities & Svcs,Corporate Rating,E+,Stable,,,
29 February 2016,Continental,DE0005439004,Automotive,Corporate Rating,E+,Stable,,,
29 February 2016,Commerzbank,DE000CBK1001,Banking,Corporate Rating,E+,Stable,,,
29 February 2016,Vonovia,DE000A1ML7J1,Real Estate,Corporate Rating,EE-,Stable,,,
29 February 2016,Siemens,DE0007236101,Electrical Equipment,Corporate Rating,EE-,Stable,,,
29 February 2016,K+S,DE000KSAG888,Chemicals,Corporate Rating,EE-,Stable,,,
29 February 2016,RWE,DE0007037129,Utilities,Corporate Rating,EE-,Stable,,,
29 February 2016,Merck,DE0006599905,Biotech & Pharma,Corporate Rating,EE-,Stable,,,
29 February 2016,Deutsche Telekom,DE0005557508,Telecom,Corporate Rating,EE-,Stable,,,
29 February 2016,Deutsche Boerse,DE0005810055,Institutional Financial Svcs,Corporate Rating,EE-,Stable,,,
29 February 2016,BMW,DE0005190003,Automotive,Corporate Rating,EE-,Stable,,,
29 February 2016,Bayer,DE000BAY0017,Biotech & Pharma,Corporate Rating,EE-,Stable,,,
29 February 2016,SAP,DE0007164600,Software,Corporate Rating,EE,Stable,,,
29 February 2016,Munich Re,DE0008430026,Insurance,Corporate Rating,EE,Stable,,,
29 February 2016,Linde,DE0006483001,Chemicals,Corporate Rating,EE,Stable,,,
29 February 2016,Infineon Technologies,DE0006231004,Semiconductors,Corporate Rating,EE,Stable,,,
29 February 2016,E.ON,DE000ENAG999,Utilities,Corporate Rating,EE,Stable,,,
29 February 2016,Deutsche Lufthansa,DE0008232125,Passenger Transportation,Corporate Rating,EE,Stable,,,
29 February 2016,Deutsche Post,DE0005552004,Transportation & Logistics,Corporate Rating,EE,Stable,,,
29 February 2016,BASF,DE000BASF111,Chemicals,Corporate Rating,EE,Stable,,,
29 February 2016,Adidas,DE000A1EWWW0,Apparel & Textile Products,Corporate Rating,EE,Stable,,,
29 February 2016,Allianz,DE0008404005,Insurance,Corporate Rating,EE,Stable,,,
25 February 2016,Campari,IT0005252207,Consumer Products,Corporate Rating,E+,Stable,EE-,Under monitoring,
01 February 2016,Pirelli & C.,IT0004623051,Automotive,Corporate Rating,Removed because Delisted,,,,
25 January 2016,Intesa San Paolo,IT0000072618,Banking,Corporate Rating,EE,Stable,EE-,Positive,
18 December 2015,Vivendi,FR0000127771,Media,Corporate Rating,E+,Stable,EE-,Stable,
18 December 2015,Telecom Italia,IT0003497168,Telecom,Corporate Rating,E+,Stable,EE-,Stable,
19 October 2015,Saipem,IT0005252140,Oil, Gas & Coal,Corporate Rating,EE-,Stable,EE,Negative
02 October 2015,Banca MPS,IT0005218752,Banking,Corporate Rating,EE-,Stable,E+,Stable,
30 September 2015,Unipol Gruppo Finanziario,IT0004810054,Insurance,Corporate Rating,EE,Stable,EE-,Stable,
18 September 2015,LafargeHolcim,CH0012214059,Construction Materials,Corporate Rating,E+,Stable,,,
31 July 2015,Ansaldo STS,IT0003977540,Transportation Equipment,Corporate Rating,E+,Stable,,,
24 July 2015,Telecom Italia,IT0003497168,Telecom,Corporate Rating,EE-,Stable,EE-,Under monitoring,
24 July 2015,Luxottica,IT0001479374,Retail,Corporate Rating,EE-,Stable,EE-,Under monitoring,
15 July 2015,UnipolSai,IT0004827447,Insurance,Corporate Rating,E+,Positive,E,Stable,
01 July 2015,Umicore,BE0003884047,Chemicals,Corporate Rating,EE+,Stable,,,
01 July 2015,UCB,BE0003739530,Biotech & Pharma,Corporate Rating,E+,Stable,,,
01 July 2015,Telenet Group,BE0003826436,Media,Corporate Rating,E,Stable,,,
01 July 2015,KBC Group,BE0003565737,Banking,Corporate Rating,E+,Stable,,,
01 July 2015,Groupe Bruxelles Lambert,BE0003797140,Asset Management,Corporate Rating,E,Stable,,,
01 July 2015,Elia Group,BE0003822393,Utilities,Corporate Rating,EE,Stable,,,
01 July 2015,Delta Lloyd,NL0009294552,Insurance,Corporate Rating,EE+,Stable,,,
01 July 2015,Delhaize Group,BE0003562700,Retail,Corporate Rating,PENDING,,,,
01 July 2015,D'Ieteren,BE0974259880,Retail,Corporate Rating,E,Stable,,,
01 July 2015,Colruyt,BE0974256852,Retail,Corporate Rating,E,Stable,,,
01 July 2015,Cofinimmo,BE0003593044,Real Estate,Corporate Rating,EE+,Stable,,,
01 July 2015,Bpost,BE0974268972,Transportation & Logistics,Corporate Rating,EE,Stable,,,
01 July 2015,Proximus,BE0003810273,Telecom,Corporate Rating,EE+,Stable,,,
01 July 2015,Bekaert,BE0974258874,Manufactured Goods,Corporate Rating,EE,Stable,,,
01 July 2015,Befimmo,BE0003678894,Real Estate,Corporate Rating,EE-,Stable,,,
01 July 2015,Ageas,BE0974264930,Insurance,Corporate Rating,E,Stable,,,
01 July 2015,Ackermans & van Haaren,BE0003764785,Specialty Finance,Corporate Rating,E+,Stable,,,
01 July 2015,AB Inbev,BE0974293251,Consumer Products,Corporate Rating,E,Stable,,,
29 June 2015,Pirelli & C.,IT0004623051,Automotive,Corporate Rating,EE,Stable,EE-,Stable,
26 June 2015,Zurich Insurance Group,CH0011075394,Insurance,Corporate Rating,EE,Stable,,,
26 June 2015,Vivendi,FR0000127771,Media,Corporate Rating,EE-,Stable,,,
26 June 2015,VINCI,FR0000125486,Engineering & Construction Svcs,Corporate Rating,EE-,Stable,,,
26 June 2015,Veolia Environnement,FR0000124141,Utilities,Corporate Rating,EE,Stable,,,
26 June 2015,Valeo,FR0000130338,Automotive,Corporate Rating,EE,Stable,,,
26 June 2015,Unibail-Rodamco,FR0000124711,Real Estate,Corporate Rating,EEE-,Stable,,,
26 June 2015,UBS Group,CH0244767585,Banking,Corporate Rating,EE-,Stable,,,
26 June 2015,Transocean,CH0048265513,Oil, Gas & Coal,Corporate Rating,E-,Stable,,
26 June 2015,Total,FR0000120271,Oil, Gas & Coal,Corporate Rating,EE-,Stable,,
26 June 2015,TechnipFMC,GB00BDSFG982,Oil, Gas & Coal,Corporate Rating,EE,Stable,,
26 June 2015,Syngenta,CH0011037469,Chemicals,Corporate Rating,EE-,Stable,,,
26 June 2015,Swisscom,CH0008742519,Telecom,Corporate Rating,E+,Stable,,,
26 June 2015,Swiss Re,CH0126881561,Insurance,Corporate Rating,EEE-,Stable,,,
26 June 2015,Swatch,CH0012255151,Apparel & Textile Products,Corporate Rating,E,Stable,,,
26 June 2015,Solvay,BE0003470755,Chemicals,Corporate Rating,E+,Stable,,,
26 June 2015,Societe Generale,FR0000130809,Banking,Corporate Rating,EE,Stable,,,
26 June 2015,SGS,CH0002497458,Commercial Services,Corporate Rating,E+,Stable,,,
26 June 2015,Schneider Electric,FR0000121972,Electrical Equipment,Corporate Rating,EE,Stable,,,
26 June 2015,Sanofi,FR0000120578,Biotech & Pharma,Corporate Rating,EE+,Stable,,,
26 June 2015,Saint Gobain,FR0000125007,Construction Materials,Corporate Rating,EE,Stable,,,
26 June 2015,Safran,FR0000073272,Aerospace & Defence,Corporate Rating,E+,Stable,,,
26 June 2015,Roche Holding,CH0012032048,Biotech & Pharma,Corporate Rating,E,Stable,,,
26 June 2015,Richemont,CH0210483332,Apparel & Textile Products,Corporate Rating,E,Stable,,,
26 June 2015,Renault,FR0000131906,Automotive,Corporate Rating,E+,Stable,,,
26 June 2015,Publicis Groupe,FR0000130577,Media,Corporate Rating,EE-,Stable,,,
26 June 2015,Pernod Ricard,FR0000120693,Consumer Products,Corporate Rating,E+,Stable,,,
26 June 2015,Orange,FR0000133308,Telecom,Corporate Rating,E-,Stable,,,
26 June 2015,Novartis,CH0012005267,Biotech & Pharma,Corporate Rating,EE-,Stable,,,
26 June 2015,Nestlé,CH0038863350,Consumer Products,Corporate Rating,EE-,Stable,,,
26 June 2015,Michelin,FR0000121261,Automotive,Corporate Rating,EE,Stable,,,
26 June 2015,LVMH,FR0000121014,Apparel & Textile Products,Corporate Rating,E,Stable,,,
26 June 2015,Legrand,FR0010307819,Electrical Equipment,Corporate Rating,EE-,Stable,,,
26 June 2015,Lafarge,FR0000120537,Construction Materials,Corporate Rating,E+,Stable,,,
26 June 2015,L'Oreal,FR0000120321,Consumer Products,Corporate Rating,E,Stable,,,
26 June 2015,Kering,FR0000121485,Apparel & Textile Products,Corporate Rating,E,Stable,,,
26 June 2015,Julius Baer Gruppe,CH0102484968,Asset Management,Corporate Rating,EE-,Stable,,,
26 June 2015,Holcim,CH0012214059,Construction Materials,Corporate Rating,EE-,Stable,,,
26 June 2015,Givaudan,CH0010645932,Chemicals,Corporate Rating,EE-,Stable,,,
26 June 2015,Gemalto,NL0000400653,Software,Corporate Rating,EE,Stable,,,
26 June 2015,Geberit,CH0030170408,Home & Office Products,Corporate Rating,EE+,Stable,,,
26 June 2015,Engie,FR0010208488,Utilities,Corporate Rating,E+,Stable,,,
26 June 2015,Essilor Intl.,FR0000121667,Medical Equipment & Devices,Corporate Rating,EE,Stable,,,
26 June 2015,Electricité De France (EDF),FR0010242511,Utilities,Corporate Rating,E+,Stable,,,
26 June 2015,Danone,FR0000120644,Consumer Products,Corporate Rating,EE,Stable,,,
26 June 2015,Credit Suisse,CH0012138530,Banking,Corporate Rating,EE-,Stable,,,
26 June 2015,Credit Agricole,FR0000045072,Banking,Corporate Rating,E,Stable,,,
26 June 2015,Carrefour,FR0000120172,Retail,Corporate Rating,EE-,Stable,,,
26 June 2015,Cap Gemini,FR0000125338,Technology Services,Corporate Rating,EEE-,Stable,,,
26 June 2015,Bouygues,FR0000120503,Engineering & Construction Svcs,Corporate Rating,EE-,Stable,,,
26 June 2015,BNP Paribas,FR0000131104,Banking,Corporate Rating,EE+,Stable,,,
26 June 2015,AXA,FR0000120628,Insurance,Corporate Rating,EE,Stable,,,
26 June 2015,ArcelorMittal,LU1598757687,Iron & Steel,Corporate Rating,E+,Stable,,,
26 June 2015,Alstom,FR0010220475,Transportation Equipment,Corporate Rating,E+,Stable,,,
26 June 2015,Alcatel-Lucent,FR0000130007,Hardware,Corporate Rating,EE,Stable,,,
26 June 2015,Airbus Group,NL0000235190,Aerospace & Defence,Corporate Rating,EE-,Stable,,,
26 June 2015,Air Liquide,FR0000120073,Chemicals,Corporate Rating,EE+,Stable,,,
26 June 2015,Adecco Group,CH0012138605,Commercial Services,Corporate Rating,EEE-,Stable,,,
26 June 2015,Actelion,CH0010532478,Biotech & Pharma,Corporate Rating,E+,Stable,,,
26 June 2015,Accor,FR0000120404,Gaming, Lodging & Restaurants,Corporate Rating,EE-,Stable,,
26 June 2015,ABB,CH0012221716,Electrical Equipment,Corporate Rating,EE+,Stable,,,
06 April 2015,Gtech,IT0003990402,Gaming, Lodging & Restaurants,Corporate Rating,Removed,,,
02 April 2015,Mediobanca,IT0000062957,Banking,Corporate Rating,E+,Positive,,,
12 March 2015,Moncler,IT0004965148,Retail,Corporate Rating,E,Stable,Pending,,
16 January 2015,Campari,IT0005252207,Consumer Products,Corporate Rating,EE-,Under monitoring,EE-,Stable,
30 October 2014,Pirelli & C.,IT0004623051,Automotive,Corporate Rating,EE-,Stable,E+,Positive,
30 October 2014,Banca MPS,IT0005218752,Banking,Corporate Rating,E+,Stable,EE-,Under monitoring,
05 September 2014,Luxottica,IT0001479374,Retail,Corporate Rating,EE-,Under monitoring,EE-,Stable,
03 July 2014,Yoox,IT0003540470,Retail,Corporate Rating,EE-,Stable,,,
03 July 2014,World Duty Free,IT0004954662,Retail,Corporate Rating,E+,Stable,,,
03 July 2014,UnipolSai,IT0004827447,Insurance,Corporate Rating,E,Stable,,,
03 July 2014,UniCredit,IT0005239360,Banking,Corporate Rating,EE+,Stable,,,
03 July 2014,UBI Banca,IT0003487029,Banking,Corporate Rating,EE,Stable,,,
03 July 2014,Tod's,IT0003007728,Apparel & Textile Products,Corporate Rating,E+,Stable,,,
03 July 2014,Terna,IT0003242622,Utilities,Corporate Rating,E,Stable,,,
03 July 2014,Tenaris,LU0156801721,Iron & Steel,Corporate Rating,E+,Stable,,,
03 July 2014,Telecom Italia,IT0003497168,Telecom,Corporate Rating,EE-,Under monitoring,EE-,Stable,
03 July 2014,STMicroelectronics,NL0000226223,Semiconductors,Corporate Rating,EE,Stable,,,
03 July 2014,Snam Rete Gas,IT0003153415,Utilities,Corporate Rating,EE-,Stable,,,
03 July 2014,Salvatore Ferragamo,IT0004712375,Apparel & Textile Products,Corporate Rating,E,Stable,,,
03 July 2014,Saipem,IT0005252140,Oil, Gas & Coal,Corporate Rating,EE,Negative,EE,Negative
03 July 2014,Prysmian,IT0004176001,Manufactured Goods,Corporate Rating,EE,Positive,EE,Positive,
03 July 2014,Moncler,IT0004965148,Retail,Corporate Rating,PENDING,,,,
03 July 2014,Banca Mediolanum,IT0004776628,Banking,Corporate Rating,E-,Stable,,,
03 July 2014,Mediobanca,IT0000062957,Banking,Corporate Rating,E+,Stable,,,
03 July 2014,Mediaset,IT0001063210,Media,Corporate Rating,E-,Stable,,,
03 July 2014,Luxottica,IT0001479374,Retail,Corporate Rating,EE-,Stable,,,
03 July 2014,Intesa San Paolo,IT0000072618,Banking,Corporate Rating,EE-,Positive,,,
03 July 2014,Gtech,IT0003990402,Gaming, Lodging & Restaurants,Corporate Rating,E-,Stable,,
03 July 2014,Generali,IT0000062072,Insurance,Corporate Rating,EE,Stable,,,
03 July 2014,Exor,NL0012059018,Asset Management,Corporate Rating,E,Stable,,,
03 July 2014,ENI,IT0003132476,Oil, Gas & Coal,Corporate Rating,EEE-,Stable,,
03 July 2014,Enel Green Power,IT0004618465,Utilities,Corporate Rating,EE,Stable,,,
03 July 2014,Enel,IT0003128367,Utilities,Corporate Rating,EE+,Stable,,,
03 July 2014,CNH Industrial,NL0010545661,Machinery,Corporate Rating,E,Stable,E+,Stable,
03 July 2014,Campari,IT0005252207,Consumer Products,Corporate Rating,EE-,Stable,,,
03 July 2014,Buzzi Unicem,IT0001347308,Construction Materials,Corporate Rating,E,Positive,,,
03 July 2014,Banco Popolare,IT0005002883,Banking,Corporate Rating,EE,Under monitoring,,,
03 July 2014,Banca Popolare Milano,IT0000064482,Banking,Corporate Rating,EE-,Stable,,,
03 July 2014,Banca Popolare Emilia Romagna,IT0000066123,Banking,Corporate Rating,EE,Under monitoring,,,
03 July 2014,Banca MPS,IT0005092165,Banking,Corporate Rating,EE-,Under monitoring,EE-,Under monitoring,
03 July 2014,Azimut Holding,IT0003261697,Asset Management,Corporate Rating,EE,Stable,,,
03 July 2014,Autogrill,IT0001137345,Gaming, Lodging & Restaurants,Corporate Rating,E,Stable,,
03 July 2014,Atlantia,IT0003506190,Engineering & Construction Svcs,Corporate Rating,E,Stable,,,
03 July 2014,A2A,IT0001233417,Utilities,Corporate Rating,EE-,Stable,EE-,Negative,
04 April 2014,Banca MPS,IT0005092165,Banking,Corporate Rating,EE-,Under monitoring,EE-,Stable,
30 January 2014,FCA,NL0010877643,Automotive,Corporate Rating,E,Stable,E+,Stable,
18 December 2013,Finmeccanica,IT0003856405,Aerospace & Defence,Corporate Rating,EE-,Positive,PENDING,,
16 December 2013,Saipem,IT0005252140,Oil, Gas & Coal,Corporate Rating,EE,Negative,EE+,Under monitoring
04 November 2013,Pirelli & C.,IT0004623051,Automotive,Corporate Rating,E+,Positive,,,
19 March 2013,DiaSorin,IT0003492391,Medical Equipment & Devices,Corporate Rating,EE-,Stable,,,
19 March 2013,Finmeccanica,IT0003856405,Aerospace & Defence,Corporate Rating,PENDING,,,,
19 March 2013,A2A,IT0001233417,Utilities,Corporate Rating,EE-,Negative,,,
19 March 2013,CNH Industrial,NL0010545661,Machinery,Corporate Rating,E+,Stable,,,
19 March 2013,FCA,NL0010877643,Automotive,Corporate Rating,E+,Stable,,,
19 March 2013,Saipem,IT0005252140,Oil, Gas & Coal,Corporate Rating,EE+,Under monitoring,,
19 March 2013,Prysmian,IT0004176001,Manufactured Goods,Corporate Rating,EE,Positive,EE,Stable,
